0,0.99983406,0.00016589809
1,1.0,5.335909e-08
2,0.0052787014,0.9947213
3,0.9997489,0.00025113125
4,3.680504e-05,0.99996316
5,0.9999987,1.2667824e-06
6,0.003927507,0.99607253
7,0.9997211,0.00027881563
8,0.9999951,4.839745e-06
9,0.9999999,1.7235763e-07
10,0.9999894,1.0666714e-05
11,0.9999995,5.0078444e-07
12,0.00033621734,0.99966383
13,0.9989754,0.0010246749
14,0.99998796,1.2019181e-05
15,5.679958e-07,0.9999994
16,0.99999094,9.092121e-06
17,0.99999857,1.4227774e-06
18,0.9999646,3.5458866e-05
19,0.0033274845,0.9966725
20,0.0004121839,0.99958783
21,0.99996316,3.6830006e-05
22,0.9999844,1.5590631e-05
23,7.5635326e-05,0.9999243
24,0.99999905,9.346151e-07
25,0.9999708,2.9156865e-05
26,0.99991345,8.6523905e-05
27,0.99999964,3.4833295e-07
28,0.9999994,5.588188e-07
29,0.99999905,9.358888e-07
30,0.9999957,4.2538027e-06
31,1.0,7.916441e-10
32,0.0053617833,0.99463826
33,0.9999999,1.515586e-07
34,0.999739,0.0002609578
35,0.99717915,0.0028208646
36,0.99999964,3.42508e-07
37,2.2475291e-05,0.99997747
38,1.0,5.8715717e-08
39,0.99999976,2.090938e-07
40,0.9999821,1.79225e-05
41,0.9998437,0.00015624361
42,0.99999976,1.9487808e-07
43,0.9999844,1.5674848e-05
44,0.9999826,1.7423587e-05
45,0.00036355332,0.9996364
46,9.577186e-08,0.9999999
47,0.9999958,4.208031e-06
48,0.99999976,2.2189842e-07
49,0.999926,7.406706e-05
50,0.9999864,1.3536247e-05
51,4.163325e-05,0.9999584
52,0.0007915074,0.9992085
53,0.00017078433,0.9998292
54,0.00019866893,0.99980134
55,0.00057541655,0.9994246
56,0.000114689894,0.9998853
57,7.455311e-05,0.9999255
58,0.9999999,8.5667615e-08
59,0.9999975,2.4766534e-06
60,0.99924517,0.0007548465
61,0.0017031044,0.9982969
62,0.99999964,3.3552377e-07
63,0.9997044,0.0002955432
64,0.0017889616,0.998211
65,1.0,9.840062e-09
66,0.99999094,9.085186e-06
67,0.9999465,5.3490923e-05
68,0.99936813,0.0006319195
69,0.9995726,0.0004274613
70,0.9999671,3.2956043e-05
71,0.99999976,2.7067549e-07
72,0.9999542,4.5751993e-05
73,0.9999999,1.08714744e-07
74,0.00034009357,0.9996599
75,0.9999989,1.0176303e-06
76,0.00023704286,0.99976295
77,0.9999131,8.6910244e-05
78,0.99982834,0.00017160329
79,0.9999999,7.2970096e-08
80,0.99998915,1.0835225e-05
81,0.9999974,2.6205112e-06
82,0.999997,2.9770488e-06
83,0.9999999,1.135024e-07
84,0.99995947,4.0528932e-05
85,1.0,1.3566251e-08
86,0.99996245,3.7583435e-05
87,0.9999994,5.3816467e-07
88,1.0,5.8726664e-09
89,0.9999964,3.5373073e-06
90,0.99999917,8.453899e-07
91,0.99999404,5.9527315e-06
92,0.9999999,1.1009363e-07
93,0.99999905,9.336886e-07
94,0.00012707816,0.9998729
95,2.6934472e-06,0.99999726
96,0.0014962588,0.9985038
97,1.0,1.7233619e-08
98,0.99997747,2.2474025e-05
99,0.9999713,2.8706841e-05
100,0.9999999,1.4404588e-07
101,0.00896042,0.9910396
102,0.99889994,0.001100046
103,0.9999994,5.5550476e-07
104,0.9999999,1.6848833e-07
105,0.9999993,7.2638966e-07
106,0.006050799,0.9939492
107,1.0,3.859433e-09
108,0.9992361,0.00076386495
109,0.9999987,1.2758428e-06
110,0.998459,0.0015410801
111,0.9999999,1.5273214e-07
112,0.99999976,1.8219423e-07
113,0.9992079,0.0007920794
114,0.99912673,0.000873222
115,0.9999995,5.1806853e-07
116,0.0039080745,0.9960919
117,0.99996114,3.887698e-05
118,0.9999863,1.3729219e-05
119,0.9999869,1.308636e-05
120,0.9999536,4.6342113e-05
121,0.99999976,2.2430865e-07
122,0.99999785,2.1108785e-06
123,0.99998367,1.6353812e-05
124,0.00014506571,0.9998549
125,9.034671e-05,0.99990964
126,0.99999225,7.764183e-06
127,0.9999999,1.2993075e-07
128,0.99999976,2.727763e-07
129,1.0,2.3340612e-09
130,0.9999882,1.18053185e-05
131,1.0,1.3835846e-09
132,0.999619,0.00038095764
133,0.99613684,0.0038631433
134,0.9996922,0.00030780086
135,0.99997044,2.9586197e-05
136,0.99997556,2.4434255e-05
137,0.9999956,4.4579674e-06
138,0.9999502,4.9876613e-05
139,0.99987674,0.000123249
140,0.9994641,0.0005359067
141,0.9999944,5.6325716e-06
142,0.9999982,1.7500721e-06
143,0.9999951,4.9086425e-06
144,0.00041672878,0.9995833
145,0.9999529,4.712248e-05
146,0.9999925,7.5120975e-06
147,0.9999999,1.2914296e-07
148,1.0,2.4774035e-08
149,0.9999995,5.0117046e-07
150,0.0003953286,0.99960464
151,0.9997601,0.00023994524
152,0.9999962,3.7663697e-06
153,0.9999745,2.5541562e-05
154,0.0004824281,0.99951756
155,0.99992836,7.1667964e-05
156,0.9999877,1.2256692e-05
157,0.9999856,1.4448478e-05
158,0.99998534,1.4709088e-05
159,0.99999976,2.675565e-07
160,0.99994636,5.3648266e-05
161,0.99999726,2.751153e-06
162,0.9999608,3.926107e-05
163,0.9999995,4.484638e-07
164,1.0,8.3077445e-10
165,0.9999987,1.3566403e-06
166,0.00042149654,0.99957854
167,0.00030589616,0.9996941
168,0.004123219,0.9958768
169,0.0004845594,0.9995154
170,0.9999411,5.8919657e-05
171,0.9986821,0.0013179554
172,0.99997497,2.5003043e-05
173,0.0016487921,0.9983512
174,0.99999404,5.9810704e-06
175,0.9999703,2.9709612e-05
176,0.9970823,0.002917747
177,0.99979895,0.00020105553
178,2.7002006e-06,0.99999726
179,0.99998546,1.456327e-05
180,0.99896634,0.001033691
181,0.9999974,2.6258874e-06
182,0.9994535,0.0005465382
183,0.99997866,2.1293918e-05
184,0.9999962,3.7986474e-06
185,1.0,4.6214987e-09
186,1.0,1.5670452e-08
187,0.9999906,9.472936e-06
188,0.9999999,7.2101535e-08
189,0.9999957,4.350959e-06
190,0.9959145,0.004085504
191,0.9999999,7.825338e-08
192,0.99927264,0.0007273722
193,0.9999931,6.872749e-06
194,0.99998784,1.2198818e-05
195,0.00061599014,0.99938405
196,0.9997497,0.00025026116
197,1.0,1.7524843e-09
198,0.9998969,0.000103078724
199,0.9999937,6.348128e-06
200,1.0,2.8424925e-08
201,9.364788e-05,0.9999063
202,0.9999989,1.127805e-06
203,1.0,2.5172424e-08
204,0.9999981,1.914298e-06
205,0.9998834,0.000116603034
206,0.9999496,5.0447576e-05
207,0.9999962,3.8284516e-06
208,0.99994135,5.8694673e-05
209,4.5505796e-05,0.99995446
210,1.0,9.10623e-09
211,0.9985985,0.0014014964
212,0.9999944,5.633571e-06
213,0.9999151,8.4916246e-05
214,0.9999987,1.2998395e-06
215,0.9999926,7.410757e-06
216,0.9999808,1.9196166e-05
217,0.00051076745,0.9994892
218,0.9988262,0.0011737435
219,1.0,8.26299e-10
220,7.809979e-05,0.9999219
221,1.0,3.228088e-08
222,0.9999999,1.7337084e-07
223,0.99999344,6.508157e-06
224,0.00033014992,0.9996699
225,0.0020321354,0.9979678
226,0.99998164,1.8319188e-05
227,0.0021541314,0.9978459
228,0.9999999,8.33246e-08
229,0.9998386,0.00016140509
230,0.99999774,2.2617796e-06
231,1.0,1.7106748e-08
232,1.0,1.9090935e-09
233,0.999985,1.5013046e-05
234,1.0,2.0352074e-08
235,0.99999845,1.5773629e-06
236,0.9999906,9.363527e-06
237,0.99999917,7.8823797e-07
238,4.4378092e-05,0.99995565
239,0.9999895,1.0442462e-05
240,0.00069605256,0.99930394
241,0.0022280249,0.9977719
242,0.99998486,1.5188739e-05
243,0.0005801238,0.9994199
244,0.0011860987,0.99881387
245,0.9995121,0.00048793203
246,0.99999964,3.8871616e-07
247,0.004614789,0.9953852
248,0.999879,0.00012102181
249,6.503102e-05,0.9999349
250,0.9999999,9.198194e-08
251,0.99999917,8.8917744e-07
252,0.00041910258,0.9995809
253,0.99998343,1.6601762e-05
254,0.99999356,6.441175e-06
255,9.910415e-05,0.99990094
256,0.9999995,4.999675e-07
257,0.9999999,1.2362493e-07
258,0.9999999,1.4957163e-07
259,1.1344457e-08,1.0
260,0.9998921,0.00010781602
261,0.0004898394,0.99951017
262,1.0,2.4764006e-09
263,0.9999627,3.7293783e-05
264,0.9999989,1.0406129e-06
265,0.99971646,0.00028355795
266,0.99999726,2.698108e-06
267,5.52421e-05,0.9999448
268,0.0002682858,0.9997317
269,0.99999976,2.0203196e-07
270,8.712098e-06,0.9999913
271,0.9996692,0.0003307759
272,9.963663e-06,0.99999
273,0.99999857,1.4001852e-06
274,0.9998216,0.00017839644
275,0.99980205,0.00019794625
276,0.00036245162,0.9996375
277,2.7525468e-07,0.99999976
278,0.9999567,4.327907e-05
279,0.99999726,2.72216e-06
280,0.999998,2.020845e-06
281,0.0003482276,0.9996518
282,0.0005213137,0.99947876
283,0.007792945,0.9922071
284,0.99999964,3.4952626e-07
285,0.9999585,4.1480474e-05
286,0.99999833,1.6109819e-06
287,0.9999541,4.5861198e-05
288,0.9999999,7.565189e-08
289,0.0009045951,0.99909544
290,0.9999883,1.1736037e-05
291,0.9999995,4.5812786e-07
292,9.660985e-10,1.0
293,0.9999932,6.833901e-06
294,0.9999343,6.565238e-05
295,0.99999404,5.9220984e-06
296,0.99695826,0.0030417484
297,0.0007569413,0.99924314
298,0.9999956,4.427956e-06
299,0.999982,1.7961836e-05
300,0.9999999,8.535544e-08
301,0.998156,0.0018439366
302,0.9999747,2.5231577e-05
303,0.99999106,8.933849e-06
304,0.9999993,7.448916e-07
305,0.99995077,4.9206035e-05
306,0.9999999,7.263045e-08
307,0.9997911,0.0002089538
308,0.9999988,1.1868744e-06
309,0.99999964,3.2558773e-07
310,0.99999547,4.4811163e-06
311,0.99204904,0.007950963
312,0.9992495,0.000750467
313,1.0,2.7478524e-09
314,0.9999993,6.745786e-07
315,0.99999917,7.7595763e-07
316,0.9993864,0.0006135655
317,0.9999049,9.509056e-05
318,0.9999999,1.3190576e-07
319,0.99987674,0.00012326382
320,0.99845004,0.0015498962
321,0.9999831,1.6981376e-05
322,0.99999917,8.110411e-07
323,0.003779029,0.996221
324,0.9999902,9.808089e-06
325,0.9999976,2.428459e-06
326,0.9998252,0.00017487601
327,0.99999976,2.2814453e-07
328,0.9999989,1.1026591e-06
329,0.99999785,2.1120968e-06
330,0.9999232,7.678655e-05
331,0.0023041954,0.99769574
332,0.9999325,6.750529e-05
333,0.99749494,0.002505107
334,0.99980825,0.00019175082
335,0.99999785,2.117199e-06
336,0.00080206787,0.9991979
337,0.9999982,1.8102755e-06
338,0.9999974,2.6039995e-06
339,0.003221893,0.9967781
340,0.00014596344,0.99985397
341,1.0,1.0208789e-08
342,0.00048836705,0.9995116
343,0.99979264,0.00020741031
344,0.9999529,4.7099657e-05
345,0.9999939,6.028785e-06
346,0.99970955,0.00029046147
347,0.99982977,0.00017020461
348,1.0,2.4694495e-08
349,5.552295e-06,0.9999944
350,0.0002986003,0.9997013
351,0.9999999,7.3966966e-08
352,0.9999912,8.849326e-06
353,0.9999908,9.130126e-06
354,0.9999945,5.5171367e-06
355,1.0,4.1534287e-09
356,1.0,5.2428204e-09
357,1.0,3.910653e-08
358,1.0,2.6623181e-10
359,0.00080091314,0.9991991
360,0.00010971323,0.9998903
361,0.9999999,9.932311e-08
362,0.0022789,0.99772114
363,1.0,1.6366332e-08
364,1.3238343e-05,0.99998677
365,0.9999999,1.3227348e-07
366,0.9999471,5.2909378e-05
367,0.9942273,0.0057726577
368,0.9998499,0.0001500254
369,0.9999945,5.5122723e-06
370,0.99999607,3.9033425e-06
371,0.999995,5.0218946e-06
372,0.99995995,4.010494e-05
373,0.99999607,3.9292586e-06
374,0.9975629,0.0024371024
375,1.0282835e-06,0.9999989
376,1.0,5.7640235e-09
377,0.99999964,3.8080384e-07
378,0.99983525,0.00016469127
379,0.00016875891,0.9998312
380,0.99776053,0.0022394583
381,0.99999464,5.329142e-06
382,0.99999833,1.6619679e-06
383,0.0008579358,0.99914205
384,0.9999969,3.0811498e-06
385,0.99484456,0.00515541
386,0.01676373,0.98323625
387,2.7206026e-05,0.9999728
388,0.99999976,2.2840031e-07
389,0.99991214,8.781463e-05
390,0.9999721,2.7835566e-05
391,0.00033709,0.9996629
392,0.99999285,7.201575e-06
393,0.99997544,2.4588413e-05
394,0.9985202,0.0014798456
395,0.9987715,0.001228491
396,0.99998796,1.1994458e-05
397,0.99988484,0.000115161565
398,0.9999994,5.947761e-07
399,0.99998295,1.705047e-05
400,0.9999989,1.0771149e-06
401,0.0014875315,0.99851245
402,0.0011135866,0.9988864
403,0.9999684,3.1567528e-05
404,0.999627,0.000372992
405,0.997661,0.0023389761
406,0.9999927,7.311892e-06
407,0.9999764,2.3617667e-05
408,0.99945873,0.000541264
409,0.9999348,6.519308e-05
410,0.9988863,0.0011137181
411,0.9999498,5.014157e-05
412,0.9999976,2.3778346e-06
413,1.0,9.733898e-10
414,0.99958557,0.00041438304
415,1.0,1.38292044e-08
416,0.99999356,6.387613e-06
417,0.004380872,0.9956191
418,0.9999999,8.568576e-08
419,0.99841917,0.0015808316
420,0.99999976,2.9139503e-07
421,0.99999034,9.610682e-06
422,0.9999995,5.141261e-07
423,0.9998889,0.00011108747
424,1.0,2.050763e-08
425,0.99963963,0.00036037076
426,0.9996057,0.0003943124
427,0.9999429,5.7105633e-05
428,0.00013390153,0.9998661
429,0.9999987,1.3493344e-06
430,0.99999714,2.8409181e-06
431,0.00053456746,0.9994654
432,0.0016996573,0.9983004
433,0.99988675,0.00011327953
434,0.99999976,2.0179107e-07
435,0.9999976,2.4048225e-06
436,0.99737966,0.002620414
437,1.0,9.746982e-09
438,0.99999905,9.91478e-07
439,0.99997294,2.7059648e-05
440,0.99999774,2.290251e-06
441,1.0,5.25271e-09
442,0.0012841026,0.9987159
443,0.00096884137,0.9990312
444,1.0,5.467398e-08
445,1.844203e-05,0.9999815
446,0.9999976,2.3270802e-06
447,0.9994961,0.00050390325
448,2.0009868e-06,0.999998
449,0.9999962,3.8240837e-06
450,0.9999716,2.8340795e-05
451,0.99999905,9.88374e-07
452,1.0,4.4545448e-08
453,0.9999963,3.648048e-06
454,0.0007892908,0.9992107
455,0.00016777411,0.99983215
456,0.9999999,1.4958248e-07
457,0.99842995,0.0015699787
458,0.9998258,0.00017420997
459,0.99999964,3.769421e-07
460,0.99997556,2.4433812e-05
461,2.4512522e-06,0.9999975
462,0.9999999,1.2484455e-07
463,1.0,6.8511907e-09
464,0.9999981,1.9548113e-06
465,0.017435662,0.9825644
466,0.99999547,4.5075017e-06
467,0.99991846,8.154343e-05
468,0.00070671766,0.9992932
469,0.99992025,7.976911e-05
470,1.0,4.7418652e-08
471,0.0004701564,0.99952984
472,1.0,3.2400083e-10
473,0.9999994,6.103372e-07
474,0.9999976,2.432339e-06
475,0.99999595,4.108029e-06
476,0.0003931895,0.9996068
477,0.9993606,0.0006393385
478,0.0030786246,0.9969214
479,0.9995827,0.00041728507
480,0.9999962,3.771258e-06
481,0.99995613,4.3902357e-05
482,0.99998796,1.2061184e-05
483,0.00018250439,0.99981755
484,0.9999993,7.3895035e-07
485,0.9999999,1.3207709e-07
486,0.9999677,3.233812e-05
487,0.9999913,8.745328e-06
488,0.9998215,0.00017850754
489,0.9999771,2.2908034e-05
490,0.9999999,1.7276872e-07
491,0.99996555,3.439211e-05
492,0.9998858,0.00011415395
493,0.9999614,3.8630187e-05
494,7.146281e-05,0.9999285
495,0.99987817,0.00012183117
496,2.3324137e-05,0.99997663
497,0.9999995,4.245727e-07
498,1.0,1.9101655e-08
499,0.99999964,2.980663e-07
500,1.0,2.0483146e-09
501,0.99999917,8.097397e-07
502,9.009471e-05,0.9999099
503,0.9992132,0.00078675937
504,0.99993706,6.2978565e-05
505,0.99999547,4.5523916e-06
506,0.9999999,1.0963513e-07
507,0.9960032,0.003996801
508,0.0001937068,0.99980634
509,0.0012458207,0.99875414
510,1.0,2.687012e-08
511,0.99999094,9.04466e-06
512,1.0,1.16424035e-08
513,0.9999999,1.291197e-07
514,0.0013218058,0.99867815
515,0.99998605,1.38916075e-05
516,1.3677324e-05,0.9999863
517,0.9977131,0.0022868607
518,0.9999975,2.5299557e-06
519,0.9999378,6.225724e-05
520,0.005703625,0.9942964
521,0.99999964,3.6964994e-07
522,0.999992,8.009107e-06
523,1.00118405e-05,0.99999
524,0.99999976,1.9246482e-07
525,1.0,9.613181e-09
526,0.00022202524,0.999778
527,1.2599374e-05,0.99998736
528,0.99999523,4.743919e-06
529,0.99999976,2.3484913e-07
530,0.9999993,7.524176e-07
531,0.9999527,4.7360354e-05
532,3.6453244e-08,1.0
533,0.99999976,2.4950495e-07
534,0.9999987,1.2665275e-06
535,1.0,1.3042897e-09
536,0.9999989,1.0884354e-06
537,0.99994326,5.674058e-05
538,1.0,3.3312446e-08
539,1.0,8.019698e-09
540,0.0005193722,0.99948066
541,0.9999945,5.500929e-06
542,0.99998283,1.7190801e-05
543,5.0351402e-05,0.9999497
544,0.9994543,0.0005456254
545,0.0011334183,0.99886656
546,0.99999857,1.4532736e-06
547,0.9999999,6.913151e-08
548,0.9998293,0.00017063424
549,7.036739e-05,0.99992967
550,0.99998033,1.9656893e-05
551,0.0007175557,0.9992824
552,0.99997485,2.5117351e-05
553,4.6472056e-08,1.0
554,0.9994184,0.00058169843
555,0.9999455,5.4496693e-05
556,1.0,5.9964034e-09
557,0.9999751,2.4964185e-05
558,0.00013195488,0.99986804
559,0.9991373,0.0008626719
560,0.99999976,2.269984e-07
561,0.9998586,0.00014138465
562,1.0,1.1315564e-08
563,0.9999261,7.391007e-05
564,0.99999964,4.1374201e-07
565,0.9999999,6.6534625e-08
566,0.9999176,8.237594e-05
567,0.99999964,3.3959765e-07
568,0.9999933,6.6697407e-06
569,0.9997243,0.0002756008
570,0.9999949,5.071524e-06
571,0.00036302675,0.999637
572,1.0,5.061331e-08
573,0.9999957,4.3405817e-06
574,0.9999957,4.244126e-06
575,0.99962676,0.00037317234
576,0.9999999,9.830011e-08
577,0.0031339824,0.99686605
578,0.9999943,5.695293e-06
579,0.9997713,0.00022876392
580,0.99999857,1.451426e-06
581,1.0,1.8586268e-09
582,0.99999857,1.4104671e-06
583,0.9999198,8.0197744e-05
584,0.99999666,3.294387e-06
585,0.9999907,9.309561e-06
586,0.9999993,7.540166e-07
587,0.9999987,1.2979381e-06
588,0.99999654,3.4633301e-06
589,0.9999894,1.06512325e-05
590,0.99999964,4.0478642e-07
591,0.99978787,0.00021216595
592,1.0,1.23939365e-08
593,1.0,4.422837e-09
594,0.9999745,2.5461692e-05
595,0.99991524,8.469166e-05
596,0.9999993,6.5651943e-07
597,0.99999964,3.0090584e-07
598,1.0,1.5144345e-09
599,0.99999607,3.9135703e-06
600,0.9999995,5.335919e-07
601,0.99967885,0.0003211425
602,9.3258896e-05,0.9999068
603,0.0007116276,0.9992884
604,0.0028009298,0.99719906
605,0.9999877,1.2286065e-05
606,0.9999988,1.1572617e-06
607,3.4361823e-05,0.99996567
608,0.9999887,1.1285891e-05
609,0.99996984,3.0137966e-05
610,0.002276819,0.99772316
611,0.9999981,1.9453248e-06
612,0.9999794,2.0563779e-05
613,0.9999815,1.8434397e-05
614,0.9998803,0.00011962766
615,0.9999907,9.357655e-06
616,0.0021454245,0.99785453
617,0.0006081817,0.9993918
618,0.9999584,4.1591346e-05
619,0.99999976,2.727662e-07
620,0.9999999,1.469151e-07
621,0.9999999,8.812019e-08
622,0.00029889992,0.9997011
623,0.99995613,4.3898923e-05
624,0.9999993,7.204626e-07
625,0.9999666,3.3395423e-05
626,0.0027878575,0.9972121
627,1.0,3.4665106e-08
628,0.9999999,7.2270886e-08
629,0.99999917,8.4693363e-07
630,0.00012219301,0.9998778
631,0.000456641,0.99954337
632,0.99999976,1.9396435e-07
633,0.99999595,4.032936e-06
634,0.9999958,4.1815324e-06
635,0.99999976,1.8908057e-07
636,0.9999999,1.6034639e-07
637,0.999918,8.199748e-05
638,0.99998164,1.8396939e-05
639,0.99895006,0.0010500187
640,9.457968e-06,0.9999906
641,0.99998677,1.3256865e-05
642,0.99999905,9.495668e-07
643,7.844193e-05,0.99992156
644,0.99999714,2.8081365e-06
645,0.9999999,7.208558e-08
646,0.9999999,1.4279372e-07
647,0.9997805,0.00021951718
648,0.9999362,6.3818676e-05
649,1.4070097e-08,1.0
650,0.0001733632,0.9998266
651,0.9985454,0.0014545952
652,0.99933594,0.00066403934
653,0.0012829393,0.99871707
654,0.9999646,3.5433277e-05
655,0.9999924,7.654374e-06
656,0.99997556,2.4492881e-05
657,0.99888295,0.0011171093
658,0.9999497,5.0289542e-05
659,0.9996588,0.000341175
660,0.002412141,0.9975879
661,0.99988854,0.00011147171
662,0.9999999,1.53149e-07
663,1.0,1.849243e-08
664,0.99999976,1.8059131e-07
665,0.99999404,5.9830727e-06
666,0.99998724,1.276934e-05
667,5.846563e-05,0.9999416
668,1.0,8.502928e-09
669,1.4352225e-05,0.9999857
670,0.9999962,3.8527096e-06
671,0.999979,2.0922871e-05
672,0.998765,0.0012350838
673,0.9999995,4.7058884e-07
674,0.0038123727,0.9961876
675,0.9999999,1.494188e-07
676,0.99948967,0.0005102684
677,1.0,2.591852e-09
678,0.9999591,4.0894538e-05
679,0.9988708,0.00112916
680,0.99998665,1.3317293e-05
681,0.002728869,0.9972711
682,0.99794537,0.00205463
683,0.999998,2.0762093e-06
684,0.99979407,0.00020595282
685,0.9999151,8.4908796e-05
686,0.99991,9.002901e-05
687,0.99999917,8.823117e-07
688,0.99960226,0.00039776578
689,0.9999709,2.9117742e-05
690,1.0,2.7720517e-09
691,0.00088004005,0.99911994
692,0.9999924,7.659697e-06
693,0.99999607,3.9044035e-06
694,0.9999999,8.396275e-08
695,2.163013e-05,0.9999784
696,0.9999969,3.1438053e-06
697,0.9999685,3.1442574e-05
698,0.9999982,1.8178305e-06
699,0.99999976,2.0365322e-07
700,0.9999962,3.8015069e-06
701,0.9999988,1.2142893e-06
702,0.001666214,0.99833375
703,0.9998821,0.000117903684
704,0.99811244,0.0018875378
705,0.9999989,1.0511727e-06
706,0.00010563477,0.9998944
707,0.9999999,7.061801e-08
708,0.9999963,3.7040127e-06
709,0.9999999,1.5441849e-07
710,0.9999852,1.4797345e-05
711,0.001681927,0.9983181
712,0.9997384,0.0002615641
713,0.99999774,2.232487e-06
714,0.99996996,3.007446e-05
715,0.9998118,0.00018824454
716,0.9999387,6.125235e-05
717,0.00026447428,0.99973553
718,0.9996182,0.0003817447
719,1.0,4.5723308e-08
720,0.00010234464,0.9998976
721,0.99999547,4.5051206e-06
722,0.99996495,3.5048946e-05
723,0.99999285,7.125824e-06
724,0.99999857,1.4506525e-06
725,1.0,4.8156753e-08
726,0.9999491,5.0843602e-05
727,0.99974686,0.00025310714
728,0.00015342336,0.9998466
729,0.9991334,0.000866612
730,0.99993527,6.4754655e-05
731,0.9997645,0.00023553455
732,0.999938,6.201832e-05
733,0.9998878,0.000112180285
734,0.0029636656,0.99703634
735,0.00010292942,0.999897
736,0.9999999,7.883661e-08
737,0.99999094,9.096179e-06
738,0.9999999,6.5885025e-08
739,0.9999912,8.776809e-06
740,0.9999999,1.6518896e-07
741,1.0,3.4120973e-08
742,0.9998791,0.00012083593
743,0.99868935,0.0013106414
744,0.9999993,6.73886e-07
745,0.9999906,9.455867e-06
746,8.163808e-06,0.9999919
747,0.99999976,2.4202575e-07
748,0.99976236,0.00023762598
749,0.99995804,4.1947565e-05
750,0.0021334225,0.9978666
751,0.9999999,1.5751968e-07
752,0.0005227525,0.9994773
753,0.99999523,4.7178773e-06
754,9.256507e-05,0.9999074
755,0.9988992,0.0011007132
756,0.9999678,3.2156677e-05
757,0.9999863,1.3741663e-05
758,0.9999987,1.2597347e-06
759,0.99998057,1.9395158e-05
760,4.0807005e-05,0.99995923
761,0.9993119,0.0006880547
762,0.9999628,3.7176742e-05
763,0.99981266,0.00018738174
764,0.00015510093,0.9998449
765,0.002055219,0.9979448
766,0.99999726,2.7176363e-06
767,0.999995,4.9923788e-06
768,0.9999906,9.4057805e-06
769,0.9998363,0.00016368837
770,1.0,5.7122884e-09
771,1.0,1.4647087e-08
772,0.99964416,0.00035586837
773,0.99999976,2.7192465e-07
774,1.0,2.7127701e-08
775,1.0,2.090696e-08
776,1.0,9.057312e-09
777,0.999972,2.7982962e-05
778,1.1041082e-06,0.9999989
779,0.9955344,0.004465598
780,0.0011357156,0.9988643
781,0.99999166,8.287388e-06
782,0.9999999,1.3954937e-07
783,0.0011146457,0.99888533
784,0.0014304835,0.9985695
785,2.5113566e-05,0.99997485
786,0.99978644,0.00021355662
787,0.9999969,3.1331858e-06
788,0.001553628,0.9984464
789,0.98979646,0.010203554
790,1.0,5.206629e-08
791,0.99984443,0.00015549231
792,0.9999981,1.9603951e-06
793,0.9999113,8.867555e-05
794,0.9999933,6.6412354e-06
795,0.0031910376,0.99680895
796,0.0014306267,0.99856937
797,0.99429,0.0057100486
798,0.9999418,5.8211164e-05
799,0.99999917,7.8009714e-07
800,0.99998534,1.4714574e-05
801,0.0024357326,0.9975643
802,0.9985593,0.0014407571
803,0.99998534,1.4716005e-05
804,1.0,2.4218603e-09
805,0.9998319,0.00016801713
806,0.99999547,4.5588654e-06
807,1.0,2.424228e-08
808,0.99995947,4.0519855e-05
809,0.9999447,5.5250734e-05
810,0.9999999,1.4030788e-07
811,1.0,2.6215051e-08
812,1.0,3.4028098e-08
813,0.9999906,9.473116e-06
814,1.0,2.352861e-09
815,0.022048205,0.97795177
816,0.9999802,1.9748133e-05
817,1.9660567e-05,0.99998033
818,0.00022162104,0.99977833
819,0.003240784,0.99675924
820,0.99992514,7.490535e-05
821,0.99999845,1.5361694e-06
822,1.0,9.949239e-09
823,1.0,5.805432e-09
824,0.9999865,1.3413026e-05
825,0.99999833,1.7222008e-06
826,1.0,1.3237633e-09
827,0.9998884,0.000111598805
828,0.9999547,4.5240555e-05
829,0.99998796,1.2050675e-05
830,0.999998,2.052017e-06
831,6.7010784e-05,0.999933
832,0.99999833,1.6737429e-06
833,0.99838376,0.0016163008
834,0.99999976,2.2739879e-07
835,3.8146663e-05,0.99996185
836,0.99999905,1.0069283e-06
837,0.0029317248,0.99706835
838,0.998343,0.001656988
839,0.99999547,4.5076995e-06
840,0.99920255,0.00079749676
841,0.9998491,0.00015083756
842,0.9941499,0.0058501107
843,0.0013941017,0.9986059
844,0.0029070901,0.99709284
845,0.00586943,0.99413055
846,5.436001e-06,0.9999945
847,0.999998,2.0556522e-06
848,0.9999994,5.6865434e-07
849,0.9996586,0.00034140277
850,0.00021729442,0.99978274
851,0.00011299794,0.999887
852,0.99999845,1.5833614e-06
853,0.9999989,1.1097663e-06
854,0.99999523,4.7132903e-06
855,0.99999976,1.801812e-07
856,0.9999621,3.7859994e-05
857,0.99960667,0.00039335334
858,2.8558177e-06,0.99999714
859,1.0,1.1697293e-08
860,0.9999995,4.6986233e-07
861,0.99999416,5.7841253e-06
862,0.99999034,9.6663125e-06
863,0.000117409254,0.9998826
864,0.993174,0.006825959
865,0.002086419,0.99791354
866,0.9999329,6.711464e-05
867,0.999554,0.00044596937
868,0.9999865,1.3449276e-05
869,1.0,3.1925111e-09
870,1.0,2.6206852e-08
871,1.0,4.954063e-08
872,1.9488198e-05,0.99998057
873,0.9999604,3.952222e-05
874,0.003444745,0.9965553
875,0.9999999,6.6984626e-08
876,0.99998105,1.8935296e-05
877,0.9999666,3.335309e-05
878,0.99988115,0.00011884213
879,1.0,2.022021e-08
880,0.9999975,2.5217032e-06
881,0.99992406,7.590628e-05
882,0.9994979,0.0005021146
883,0.9998186,0.00018138245
884,1.0,8.091231e-10
885,0.999964,3.604765e-05
886,0.9993444,0.00065554015
887,0.9999788,2.1228023e-05
888,5.0813505e-05,0.9999492
889,3.564537e-05,0.99996436
890,0.0012461594,0.9987538
891,0.0003434907,0.99965656
892,0.9996493,0.00035070698
893,0.99999976,2.6498438e-07
894,0.99965644,0.00034358588
895,0.99986684,0.00013313915
896,0.999997,2.9411533e-06
897,1.0,4.721442e-08
898,0.99996877,3.1289517e-05
899,0.00031455283,0.9996855
900,0.99998295,1.699341e-05
901,0.99999964,4.0565595e-07
902,0.9992781,0.000721938
903,0.99999917,7.9829886e-07
904,0.00022309684,0.9997769
905,0.9999784,2.158941e-05
906,8.040691e-06,0.999992
907,1.0,2.3482533e-08
908,0.9999951,4.907182e-06
909,0.9999807,1.9348607e-05
910,0.9999968,3.2692365e-06
911,0.999329,0.0006710232
912,0.99999547,4.573527e-06
913,1.0,1.9840162e-08
914,0.99997365,2.6376654e-05
915,0.9999994,6.225252e-07
916,0.99999917,8.2472036e-07
917,0.99985754,0.00014239927
918,0.9999976,2.437601e-06
919,2.0036053e-07,0.99999976
920,0.9999999,1.1625012e-07
921,0.00069771125,0.99930227
922,0.9999924,7.5726175e-06
923,0.9995728,0.00042719182
924,0.9999976,2.4017488e-06
925,0.00015802974,0.9998419
926,0.99999726,2.7953995e-06
927,0.9999994,5.678696e-07
928,0.9999341,6.591573e-05
929,0.999995,5.033815e-06
930,0.00015056023,0.99984944
931,0.9999528,4.7152505e-05
932,0.99986637,0.00013360154
933,0.9999993,7.4253194e-07
934,0.99999857,1.3724668e-06
935,0.9999857,1.4294838e-05
936,0.9977156,0.0022844635
937,1.6730864e-05,0.9999833
938,0.99981946,0.00018056591
939,0.0017352914,0.99826473
940,0.99999976,2.4862067e-07
941,0.99997246,2.7510021e-05
942,0.999691,0.0003090615
943,0.99999464,5.3409512e-06
944,0.9999753,2.468027e-05
945,0.99999845,1.5638541e-06
946,1.0,3.9264233e-08
947,0.9996872,0.00031282395
948,0.99991703,8.292662e-05
949,0.9994516,0.0005484479
950,0.9999919,8.1138305e-06
951,0.99978715,0.00021289811
952,0.0010171303,0.99898285
953,0.9999851,1.4847185e-05
954,0.99999547,4.4983462e-06
955,0.9999999,9.667907e-08
956,0.9999813,1.877186e-05
957,0.9998754,0.00012454145
958,0.99999976,2.5103392e-07
959,0.9999999,1.7645272e-07
960,0.9999989,1.0521807e-06
961,0.99999714,2.9131877e-06
962,0.0002581068,0.99974185
963,0.9999976,2.4179076e-06
964,1.893323e-09,1.0
965,0.99999297,7.010955e-06
966,0.9999999,9.053085e-08
967,0.9999989,1.1151303e-06
968,0.00071052066,0.9992894
969,0.99997747,2.2513388e-05
970,0.99999845,1.538348e-06
971,0.9993849,0.0006151059
972,0.9999999,6.435376e-08
973,0.9999957,4.331575e-06
974,0.99999976,2.0907764e-07
975,1.0,1.2311608e-09
976,0.99585116,0.004148836
977,0.9998797,0.000120266915
978,1.0,5.6617626e-09
979,0.99999523,4.8141787e-06
980,0.00014895064,0.999851
981,0.0008780956,0.99912196
982,1.0,3.505445e-09
983,1.0090855e-06,0.99999905
984,9.2988324e-05,0.999907
985,0.9999267,7.329865e-05
986,0.9999994,6.548093e-07
987,0.9999999,1.0367838e-07
988,0.99998295,1.7022638e-05
989,0.99999976,2.4982543e-07
990,0.9999496,5.044993e-05
991,0.9999926,7.405487e-06
992,0.00068106013,0.99931896
993,0.99999106,8.934667e-06
994,0.9999999,7.45973e-08
995,0.9999995,4.206175e-07
996,1.0,4.701555e-08
997,1.0,2.3544086e-10
998,0.00021615911,0.9997838
999,0.99999964,3.5014182e-07
1000,0.99995995,4.0044517e-05
1001,0.999998,2.05962e-06
1002,0.001838557,0.9981615
1003,0.99999976,2.623054e-07
1004,0.00040453972,0.99959546
1005,0.9998733,0.0001267316
1006,0.9999999,1.0272117e-07
1007,1.0,1.956567e-09
1008,0.99986374,0.00013621118
1009,0.9986235,0.0013764664
1010,0.999889,0.00011101441
1011,0.9999999,1.1683585e-07
1012,0.9999287,7.1255745e-05
1013,0.9999913,8.659506e-06
1014,0.9999844,1.5633392e-05
1015,0.9999181,8.186677e-05
1016,0.0035178664,0.99648213
1017,0.99999976,2.586612e-07
1018,0.9995919,0.00040810596
1019,0.99997485,2.5178339e-05
1020,5.3079048e-06,0.99999464
1021,0.9999999,6.900031e-08
1022,0.00026102006,0.999739
1023,0.9999299,7.013392e-05
1024,0.99995434,4.5673485e-05
1025,0.00029468222,0.99970526
1026,0.9960508,0.003949269
1027,0.99995506,4.492491e-05
1028,0.9999701,2.992826e-05
1029,0.99994016,5.9839575e-05
1030,0.99996567,3.4278786e-05
1031,1.8571822e-05,0.9999814
1032,0.9999442,5.5816537e-05
1033,0.9999982,1.793983e-06
1034,0.0076308493,0.9923692
1035,0.0012316721,0.99876827
1036,0.99999976,2.3767186e-07
1037,0.0016083133,0.9983917
1038,0.99998605,1.3896563e-05
1039,0.9999777,2.2312346e-05
1040,0.99999976,2.0021211e-07
1041,0.0015571062,0.99844295
1042,0.99971825,0.00028175404
1043,0.9988451,0.0011549224
1044,1.0,1.9488583e-08
1045,0.9999999,8.6364885e-08
1046,0.00041143878,0.99958855
1047,1.0,7.2721457e-10
1048,0.9964443,0.0035557277
1049,0.0010878858,0.9989121
1050,0.99999,1.0040008e-05
1051,0.99984896,0.00015103359
1052,0.9999535,4.6443292e-05
1053,0.9999814,1.8625742e-05
1054,0.9999795,2.0518664e-05
1055,0.9998543,0.00014561978
1056,0.99999607,3.9024717e-06
1057,0.99999905,9.861021e-07
1058,0.0001432081,0.9998568
1059,0.9790563,0.020943698
1060,0.9999994,5.834535e-07
1061,0.997375,0.0026250505
1062,0.00025505846,0.99974495
1063,0.0037001758,0.9962998
1064,0.9999901,9.912334e-06
1065,0.99999976,2.0358914e-07
1066,0.9979437,0.0020562557
1067,0.0002934439,0.99970657
1068,0.99994946,5.057686e-05
1069,0.9999988,1.1325667e-06
1070,0.9999999,1.3530969e-07
1071,0.9999969,3.128686e-06
1072,0.9999982,1.7681771e-06
1073,0.9999795,2.044678e-05
1074,0.99997175,2.8260505e-05
1075,0.9999962,3.8068508e-06
1076,0.99983525,0.00016473746
1077,0.99978036,0.00021964363
1078,0.9999987,1.3053526e-06
1079,1.0,2.0170903e-08
1080,0.99958557,0.0004144091
1081,0.9999423,5.7720306e-05
1082,6.79881e-07,0.9999993
1083,0.0010179145,0.998982
1084,0.99987876,0.00012116245
1085,0.9999918,8.265035e-06
1086,1.0,5.0267445e-08
1087,0.99999964,3.092048e-07
1088,0.99999213,7.897182e-06
1089,0.99998236,1.7629303e-05
1090,0.9996871,0.00031292325
1091,0.9999995,4.8116726e-07
1092,0.9999949,5.0977046e-06
1093,0.0005924087,0.99940765
1094,5.0944072e-05,0.9999491
1095,0.9999708,2.9265007e-05
1096,1.0,1.7125096e-08
1097,0.999997,2.982744e-06
1098,0.9999994,6.1370145e-07
1099,0.9999999,1.5625494e-07
1100,0.9999862,1.3785436e-05
1101,0.99995065,4.9311446e-05
1102,0.0002681807,0.99973184
1103,1.0,1.2253398e-08
1104,0.9999974,2.6061757e-06
1105,0.9999194,8.062962e-05
1106,0.00035305467,0.9996469
1107,0.9995784,0.0004215725
1108,0.0010210362,0.998979
1109,0.0003903915,0.99960965
1110,0.99999976,1.8328099e-07
1111,0.9999987,1.3217351e-06
1112,0.999616,0.00038396567
1113,0.99999,1.0062698e-05
1114,0.99999297,7.0325978e-06
1115,7.2890352e-06,0.9999927
1116,0.00039494238,0.9996051
1117,0.9999901,9.929004e-06
1118,0.9959811,0.0040188846
1119,0.00012859554,0.9998714
1120,0.9999975,2.548357e-06
1121,0.9999999,1.0659859e-07
1122,0.9984143,0.0015857508
1123,0.999977,2.298403e-05
1124,0.99994016,5.9832382e-05
1125,9.419727e-05,0.9999058
1126,0.99831474,0.0016853309
1127,0.99999905,9.561121e-07
1128,0.00070169184,0.99929833
1129,3.2537613e-05,0.99996746
1130,0.00029499902,0.999705
1131,0.9999993,7.5593243e-07
1132,0.9999999,1.04302174e-07
1133,0.99996614,3.3824654e-05
1134,1.0,8.7272906e-10
1135,0.99998355,1.6404247e-05
1136,0.999421,0.00057900685
1137,0.9999664,3.3569824e-05
1138,0.9999789,2.1063071e-05
1139,1.0,6.8926225e-09
1140,0.0069943173,0.9930057
1141,0.99983096,0.00016898016
1142,0.9995567,0.0004432455
1143,0.99999905,9.72507e-07
1144,0.0029691814,0.99703085
1145,0.9999869,1.3170069e-05
1146,0.0016286728,0.9983713
1147,0.99998784,1.2120739e-05
1148,0.999946,5.4045915e-05
1149,0.9999645,3.5478788e-05
1150,1.0,3.085196e-08
1151,0.9998753,0.0001247247
1152,0.0013986297,0.9986014
1153,0.9996364,0.00036354587
1154,0.9989215,0.0010784586
1155,1.0,3.5032876e-08
1156,0.00045626416,0.9995437
1157,1.0,2.2928589e-08
1158,0.9999875,1.2560672e-05
1159,0.9999008,9.920902e-05
1160,0.9986563,0.0013437389
1161,3.4555702e-05,0.9999654
1162,0.9999993,6.758303e-07
1163,0.9994836,0.00051639875
1164,0.9999957,4.2711035e-06
1165,0.99997187,2.8182913e-05
1166,1.0,2.4269944e-08
1167,0.9997609,0.00023911761
1168,1.0,1.0973636e-08
1169,2.2984838e-07,0.99999976
1170,1.0,9.662336e-09
1171,1.0,3.1072418e-08
1172,0.99999917,8.631249e-07
1173,0.99993944,6.0583196e-05
1174,0.9998926,0.00010735068
1175,0.99999964,3.0439534e-07
1176,0.00016014524,0.9998398
1177,0.9998784,0.00012151928
1178,0.99735934,0.0026406026
1179,0.99998593,1.4066162e-05
1180,0.00072021177,0.9992798
1181,0.9996939,0.00030613597
1182,0.99999905,9.4265357e-07
1183,1.0,4.5904933e-10
1184,0.9994905,0.00050949876
1185,0.9998869,0.0001130694
1186,0.9999981,1.8704759e-06
1187,0.0014136798,0.9985863
