0,0.9999379,6.2060724e-05
1,0.00010456143,0.99989545
2,7.0510455e-06,0.99999297
3,0.9995005,0.0004994541
4,0.99999964,3.9282068e-07
5,0.99999976,2.5288412e-07
6,1.0,2.1780723e-08
7,1.0,3.910683e-08
8,0.9999536,4.6424524e-05
9,0.99999976,2.634883e-07
10,0.9999516,4.8378482e-05
11,0.999995,5.0064587e-06
12,0.9997701,0.00022987726
13,0.9999927,7.2909957e-06
14,0.9999995,5.235119e-07
15,0.00022064253,0.9997794
16,0.0002773606,0.99972266
17,0.999974,2.603632e-05
18,0.99999833,1.6192054e-06
19,0.0002677293,0.9997323
20,0.0009277827,0.9990722
21,0.9999956,4.3808536e-06
22,0.00068937236,0.9993106
23,0.0014726627,0.9985273
24,0.9999987,1.353536e-06
25,0.9999671,3.291383e-05
26,0.00039885248,0.9996012
27,0.99999654,3.4826594e-06
28,0.99999416,5.7897155e-06
29,0.00042897125,0.999571
30,0.9999956,4.3865475e-06
31,0.00011670871,0.9998833
32,7.546717e-05,0.99992454
33,0.99999344,6.600315e-06
34,0.9999994,5.600854e-07
35,0.9999982,1.7679494e-06
36,1.5414239e-08,1.0
37,0.00013097383,0.999869
38,0.99998367,1.6274635e-05
39,0.9993187,0.0006812938
40,0.9999969,3.066978e-06
41,0.99986494,0.00013500692
42,0.99999976,1.9211127e-07
43,0.99997246,2.750737e-05
44,0.99999964,3.6383958e-07
45,0.9999912,8.81439e-06
46,0.9999975,2.5457603e-06
47,0.9999808,1.9169605e-05
48,0.0003031265,0.99969685
49,0.00049950863,0.9995005
50,2.421428e-05,0.9999758
51,0.99907565,0.000924279
52,0.99999714,2.8727316e-06
53,0.9999993,7.0593353e-07
54,0.9999993,6.9034456e-07
55,0.9999621,3.78705e-05
56,1.0,3.0139773e-14
57,1.0,4.5765276e-08
58,0.9997838,0.00021622963
59,0.99993825,6.1778075e-05
60,0.99989176,0.000108179454
61,0.99999976,2.2546268e-07
62,1.0,6.9550476e-09
63,1.0,7.903199e-09
64,0.99997425,2.5765701e-05
65,0.0005425838,0.9994574
66,0.99999976,1.8032749e-07
67,0.00039447675,0.9996056
68,0.99991286,8.714111e-05
69,0.99999976,1.8010938e-07
70,0.9999988,1.2141609e-06
71,1.0,1.29039375e-08
72,0.99946564,0.00053431606
73,9.46675e-05,0.99990535
74,0.9998919,0.00010816936
75,2.5147124e-06,0.9999975
76,0.9979944,0.0020056178
77,0.99999726,2.7633432e-06
78,0.0016596137,0.99834037
79,0.99999976,2.711457e-07
80,0.99970526,0.00029470274
81,1.0,2.941601e-09
82,1.0,6.863299e-10
83,0.999995,4.9609457e-06
84,0.9999262,7.383209e-05
85,1.0,2.09143e-08
86,0.9999572,4.2781565e-05
87,0.99976534,0.00023469995
88,0.99931014,0.0006898324
89,0.9999999,6.1777904e-08
90,0.00018976917,0.9998103
91,0.00031024974,0.9996898
92,0.99998605,1.3966422e-05
93,2.024736e-06,0.999998
94,3.3505283e-05,0.9999665
95,0.99969375,0.0003062831
96,0.9999949,5.096883e-06
97,0.99929523,0.0007047894
98,0.99999833,1.6317198e-06
99,1.0,2.5781552e-09
100,0.00015181095,0.9998481
101,0.9999925,7.5114526e-06
102,0.9999713,2.8739603e-05
103,0.9997876,0.00021233795
104,2.0609443e-05,0.9999794
105,0.99988794,0.00011199216
106,1.0,6.5855974e-09
107,0.9912198,0.008780138
108,0.0005002963,0.9994997
109,1.0,2.7476231e-08
110,0.99994934,5.067573e-05
111,0.0001795658,0.9998204
112,0.9999987,1.2874507e-06
113,0.0037123566,0.9962876
114,0.9999869,1.3074321e-05
115,5.596899e-06,0.9999944
116,0.99945825,0.00054175366
117,0.99999666,3.3549893e-06
118,0.9997806,0.00021945189
119,7.871522e-05,0.9999213
120,0.9999958,4.2267216e-06
121,0.99901927,0.0009806892
122,8.398859e-05,0.99991596
123,0.00028402873,0.999716
124,0.99997437,2.5643674e-05
125,2.2163576e-05,0.9999778
126,0.9999974,2.5796699e-06
127,0.99981326,0.00018677027
128,0.99999976,2.5189388e-07
129,0.9999994,6.247453e-07
130,0.99999976,1.8219389e-07
131,0.99999976,1.8158364e-07
132,0.9999039,9.606998e-05
133,8.768241e-05,0.99991226
134,2.9733563e-05,0.9999703
135,0.99999523,4.7276285e-06
136,0.99999464,5.4076463e-06
137,0.9999113,8.8742636e-05
138,0.9998362,0.00016379735
139,0.99999976,2.18122e-07
140,0.9999443,5.5723365e-05
141,0.9996362,0.00036378353
142,0.0002845296,0.9997155
143,0.9999536,4.634304e-05
144,0.999841,0.00015900345
145,0.99983656,0.00016342543
146,0.00020364666,0.99979633
147,0.9992249,0.0007751059
148,0.9996679,0.0003320884
149,0.9999999,1.5005998e-07
150,5.967719e-09,1.0
151,0.0011244607,0.99887556
152,0.9997167,0.0002833342
153,0.9999094,9.064728e-05
154,5.6586464e-06,0.9999944
155,0.99999964,3.084367e-07
156,0.9995976,0.00040244975
157,0.99413943,0.0058605494
158,0.9999999,8.198976e-08
159,0.99999976,2.9260693e-07
160,0.9999988,1.1339826e-06
161,0.0015931694,0.9984068
162,0.9999938,6.2362187e-06
163,0.00017519612,0.9998248
164,0.99999905,9.588515e-07
165,0.99999464,5.40811e-06
166,0.000110515335,0.9998895
167,0.9999976,2.390937e-06
168,0.999908,9.202521e-05
169,0.99998987,1.0187403e-05
170,4.9166076e-05,0.9999509
171,0.9999999,1.4896975e-07
172,0.9999924,7.5719386e-06
173,0.9978028,0.00219725
174,0.99999976,1.9131157e-07
175,0.99999964,3.4112972e-07
176,0.99999917,8.7696964e-07
177,1.3429512e-05,0.9999865
178,0.99999654,3.4038922e-06
179,0.99994874,5.124783e-05
180,0.9999994,6.4242164e-07
181,0.99997914,2.0853471e-05
182,8.580269e-06,0.9999914
183,0.99999535,4.6369714e-06
184,1.0,6.5014656e-09
185,1.0,2.0265617e-08
186,5.37503e-07,0.9999994
187,0.99999976,2.245034e-07
188,2.3049725e-07,0.99999976
189,0.99999654,3.4835764e-06
190,0.9999732,2.683446e-05
191,0.99999416,5.876966e-06
192,1.0,3.605529e-08
193,0.9998419,0.00015801347
194,0.9992378,0.0007622089
195,0.99990284,9.7103824e-05
196,0.99999964,3.278955e-07
197,1.0,2.2225437e-08
198,0.99974364,0.00025639165
199,0.9999708,2.9158422e-05
200,0.0010265098,0.9989735
201,2.0013067e-05,0.99998
202,0.9999509,4.9148355e-05
203,0.9999994,6.331697e-07
204,2.0048406e-05,0.99998
205,0.99906427,0.00093575136
206,0.99999917,8.1248726e-07
207,0.99945277,0.00054722786
208,0.9999709,2.9083412e-05
209,1.1532863e-05,0.99998844
210,0.99999964,3.5360017e-07
211,1.0,5.1621512e-08
212,0.00089498615,0.99910504
213,0.99991524,8.473336e-05
214,0.9999888,1.1172251e-05
215,1.9104235e-05,0.9999809
216,0.99944407,0.00055597496
217,0.0005210752,0.999479
218,0.99999344,6.601467e-06
219,0.0016081278,0.9983918
220,0.9998227,0.00017740937
221,0.9999989,1.1063099e-06
222,0.99992454,7.550749e-05
223,5.786205e-05,0.9999422
224,0.9997627,0.00023731332
225,0.9999987,1.3463292e-06
226,0.99999964,3.2877034e-07
227,0.99999917,8.07036e-07
228,1.0,1.1256748e-09
229,0.9987503,0.0012497155
230,0.99994516,5.4837215e-05
231,0.99999404,5.9399727e-06
232,0.9999994,5.741149e-07
233,0.00026088022,0.9997391
234,0.99998236,1.7638535e-05
235,0.9999317,6.826983e-05
236,0.9999999,7.976255e-08
237,0.99981743,0.00018260167
238,0.0010992881,0.99890065
239,1.0,1.8450635e-09
240,0.99996424,3.576809e-05
241,0.0018617386,0.9981382
242,1.0,1.6679836e-08
243,0.99978536,0.00021470444
244,0.001317998,0.99868196
245,1.0,3.2221028e-08
246,0.99999714,2.8487073e-06
247,0.99999976,2.1557135e-07
248,0.0019724257,0.9980275
249,1.0,6.594597e-09
250,0.9998716,0.00012832962
251,1.0,1.8028944e-08
252,1.0,7.927169e-10
253,0.9999924,7.64947e-06
254,0.99571216,0.0042879106
255,0.0010621571,0.9989379
256,0.9999019,9.815163e-05
257,0.00040343465,0.99959654
258,0.99999666,3.3698939e-06
259,0.9999993,6.633764e-07
260,0.99999917,8.334303e-07
261,0.99999857,1.4189508e-06
262,1.0,7.3358813e-10
263,0.00022109045,0.9997789
264,0.99999976,2.6817645e-07
265,0.99994695,5.300179e-05
266,0.99999774,2.2680026e-06
267,0.99987924,0.00012074033
268,0.9999875,1.2479741e-05
269,1.0,1.0838675e-08
270,0.9978927,0.0021072868
271,0.9999999,6.42075e-08
272,0.9999975,2.4600085e-06
273,0.99999976,2.8327676e-07
274,1.0,3.4030287e-09
275,0.99979395,0.00020609777
276,0.0005860282,0.99941397
277,0.99999964,3.0751272e-07
278,0.9987337,0.0012662911
279,0.9999895,1.0503888e-05
280,0.006554902,0.99344516
281,6.86883e-07,0.9999993
282,0.99990964,9.037859e-05
283,0.99930525,0.00069469697
284,0.9999074,9.26078e-05
285,3.3797955e-05,0.99996614
286,0.999995,5.0182466e-06
287,0.99993026,6.9701404e-05
288,1.0,5.161863e-09
289,0.99999475,5.2624823e-06
290,1.3096472e-05,0.9999869
291,0.00024174488,0.9997583
292,0.99995756,4.24676e-05
293,0.99999905,1.0097556e-06
294,0.99998593,1.401274e-05
295,0.9999969,3.1320506e-06
296,7.36886e-05,0.9999263
297,0.9999989,1.034487e-06
298,0.9999988,1.1831069e-06
299,0.99932456,0.0006754092
300,0.99999976,2.5600025e-07
301,0.9999939,6.1039e-06
302,1.2823706e-08,1.0
303,7.1694834e-05,0.99992836
304,0.99997365,2.6335507e-05
305,0.99999976,2.5741772e-07
306,0.9999995,4.4083956e-07
307,0.00064930733,0.9993507
308,0.9998161,0.00018386099
309,0.9999826,1.735705e-05
310,0.0007053485,0.99929464
311,0.9999968,3.253278e-06
312,0.99412316,0.0058769025
313,1.0,1.8216047e-08
314,0.99993384,6.6166634e-05
315,0.99999917,8.716167e-07
316,1.0,7.287127e-10
317,0.00012266113,0.99987733
318,0.000136163,0.99986386
319,0.0007481656,0.9992518
320,0.0003979304,0.99960214
321,0.9996315,0.00036843945
322,0.99999964,3.203731e-07
323,0.9999713,2.8727793e-05
324,0.999979,2.0992724e-05
325,0.00020948962,0.9997905
326,0.9999993,7.029615e-07
327,0.99994993,5.009273e-05
328,1.0,6.337557e-10
329,0.004389296,0.9956108
330,0.9999927,7.233222e-06
331,1.0,4.1943263e-08
332,1.909174e-05,0.9999809
333,1.0,5.255392e-10
334,0.9999889,1.1064587e-05
335,0.9999999,6.8940054e-08
336,0.9999999,7.8223835e-08
337,0.9999963,3.6920321e-06
338,0.9998795,0.000120548444
339,0.99999857,1.4466335e-06
340,0.0015812538,0.9984187
341,0.9999962,3.7731359e-06
342,0.99830246,0.001697462
343,0.9999863,1.3752125e-05
344,0.9999999,7.4002386e-08
345,0.99999964,3.4752765e-07
346,0.999974,2.5985764e-05
347,1.0,1.2090793e-08
348,0.99999845,1.5761857e-06
349,0.99998605,1.3997543e-05
350,0.9995946,0.00040543888
351,0.0003801374,0.99961984
352,1.0,1.5718767e-08
353,1.0,1.127904e-08
354,0.99989593,0.0001040101
355,0.99998665,1.341024e-05
356,0.9998381,0.0001618767
357,0.99999976,2.2152628e-07
358,1.5252997e-05,0.99998474
359,0.9994111,0.00058890926
360,0.99999976,2.6512038e-07
361,0.99999726,2.7988992e-06
362,0.99998724,1.2713045e-05
363,1.0,5.162821e-08
364,0.99963856,0.0003613934
365,0.0023124393,0.9976876
366,0.9999893,1.0679904e-05
367,0.9999745,2.545766e-05
368,0.9983918,0.0016081755
369,6.2870015e-05,0.9999372
370,0.99999917,7.961646e-07
371,0.006725018,0.99327505
372,0.99988747,0.00011253813
373,0.9999778,2.222197e-05
374,0.9999844,1.5556916e-05
375,0.9999999,1.1833433e-07
376,0.99999833,1.6405701e-06
377,0.99998057,1.9407147e-05
378,0.9999852,1.482503e-05
379,0.9999683,3.1728756e-05
380,0.00020310834,0.9997969
381,0.001515974,0.9984841
382,0.99999666,3.2964076e-06
383,0.999961,3.9035243e-05
384,0.9999989,1.0562454e-06
385,0.9999833,1.6729191e-05
386,0.99856,0.0014400046
387,2.1616395e-06,0.99999785
388,0.99994934,5.0704544e-05
389,0.99980015,0.00019983237
390,1.0,1.2069341e-08
391,0.0005648804,0.9994351
392,8.201203e-05,0.999918
393,1.5605718e-07,0.9999999
394,0.99996436,3.5692858e-05
395,1.0,4.741386e-08
396,0.0012376976,0.99876237
397,0.999969,3.1000287e-05
398,3.4034747e-05,0.9999659
399,0.9986645,0.0013354936
400,0.99999785,2.1391058e-06
401,0.99999845,1.5609053e-06
402,0.9999789,2.1131338e-05
403,0.9999032,9.681675e-05
404,0.00049967406,0.9995003
405,3.1405834e-05,0.99996865
406,0.9983065,0.0016934911
407,0.99999976,2.886876e-07
408,0.9999993,6.782833e-07
409,0.9998301,0.00016982123
410,1.0,2.809773e-08
411,0.99999976,2.2373756e-07
412,0.9999479,5.2079347e-05
413,4.9168095e-05,0.9999509
414,5.2798225e-07,0.9999995
415,0.9999943,5.7039138e-06
416,7.067889e-05,0.9999293
417,0.99792635,0.0020736214
418,0.9998336,0.00016633129
419,0.9999813,1.8671553e-05
420,0.99999964,3.982893e-07
421,0.99999976,2.2630583e-07
422,0.99999654,3.4518882e-06
423,0.99999976,2.3252647e-07
424,4.7075723e-06,0.99999535
425,0.99970216,0.00029783262
426,0.99998844,1.153877e-05
427,0.9999349,6.5058004e-05
428,0.9999999,1.0371022e-07
429,3.801694e-05,0.999962
430,0.0008246629,0.99917537
431,0.9999999,8.642964e-08
432,0.00029372124,0.9997062
433,9.6755466e-05,0.9999032
434,0.0002831352,0.9997168
435,0.9999999,1.6308691e-07
436,0.0001850898,0.9998149
437,1.0,2.4976043e-09
438,0.999998,2.0659172e-06
439,9.701847e-07,0.99999905
440,0.9991829,0.000817111
441,0.999961,3.8986876e-05
442,0.9999993,6.957955e-07
443,0.00032335203,0.9996767
444,0.999736,0.00026402206
445,0.9999633,3.6696365e-05
446,0.0006353514,0.9993647
447,0.99993014,6.983507e-05
448,0.9999901,9.892548e-06
449,2.6664135e-05,0.9999733
450,0.0026774309,0.9973226
451,0.9999987,1.2880942e-06
452,1.5199284e-07,0.9999999
453,0.99984896,0.00015096762
454,2.3077662e-05,0.9999769
455,1.0,6.4759456e-09
456,0.99992335,7.668871e-05
457,0.9999999,9.556293e-08
458,0.99984586,0.00015412542
459,0.99999964,3.500223e-07
460,0.9999659,3.4140234e-05
461,5.3500004e-05,0.9999465
462,0.999997,2.9716143e-06
463,3.9301674e-05,0.99996066
464,0.000919555,0.9990804
465,0.99999845,1.546857e-06
466,0.9998853,0.0001147098
467,0.99994254,5.750813e-05
468,2.7445965e-06,0.99999726
469,0.99999607,3.9300985e-06
470,0.9999988,1.1575399e-06
471,0.9999962,3.8484977e-06
472,0.9999732,2.6767648e-05
473,0.0013115255,0.9986885
474,0.0001248549,0.9998752
475,0.99999976,1.8446886e-07
476,0.9999349,6.505974e-05
477,0.99999785,2.1831565e-06
478,0.0006853453,0.99931467
479,0.9999981,1.9234424e-06
480,0.0010277125,0.9989723
481,0.9999994,5.868106e-07
482,0.9999924,7.6275137e-06
483,0.99999976,1.8782288e-07
484,0.0005175763,0.9994824
485,0.00030411736,0.9996959
486,0.9999865,1.3487861e-05
487,0.0027728544,0.99722713
488,0.9999995,4.3827157e-07
489,0.9998926,0.00010741386
490,0.999632,0.00036800103
491,0.00092062674,0.99907935
492,0.0004520859,0.9995479
493,0.0019089555,0.99809104
494,0.99999166,8.347273e-06
495,0.99999976,2.6732513e-07
496,0.99999964,3.0255237e-07
497,0.9999981,1.94947e-06
498,0.99996805,3.19097e-05
499,0.9996476,0.00035232253
500,0.9999846,1.535859e-05
501,3.1312735e-05,0.99996865
502,0.00037630784,0.99962366
503,9.39248e-07,0.99999905
504,0.00026249696,0.99973744
505,0.00044538823,0.9995546
506,0.9998659,0.0001341226
507,0.99982315,0.00017689099
508,4.9810158e-05,0.9999502
509,0.00058150996,0.9994185
510,0.9994234,0.00057667826
511,0.99999,1.0037682e-05
512,0.00017323201,0.99982685
513,0.9994112,0.0005887353
514,0.9997975,0.00020245291
515,0.0103939725,0.989606
516,0.9999516,4.8427875e-05
517,0.9999652,3.481802e-05
518,0.99998844,1.1589866e-05
519,0.9999999,1.5997905e-07
520,0.0021947883,0.9978052
521,0.9999943,5.7074067e-06
522,0.0006799255,0.99932003
523,0.99845004,0.001549937
524,0.9999976,2.36498e-06
525,9.791118e-06,0.9999902
526,6.243368e-07,0.9999994
527,0.9999467,5.3296924e-05
528,0.0003367296,0.99966323
529,0.0007068201,0.9992932
530,0.99999666,3.3614906e-06
531,0.9999391,6.0909508e-05
532,0.9999995,4.2972945e-07
533,0.99999774,2.2964798e-06
534,0.9999944,5.5874702e-06
535,0.9999918,8.192837e-06
536,0.99999964,3.282988e-07
537,0.9999888,1.1154163e-05
538,0.9999999,8.80975e-08
539,0.99909675,0.0009032523
540,0.99999964,3.0503293e-07
541,0.99920255,0.0007975097
542,1.0,4.6463118e-11
543,0.9999999,1.4040239e-07
544,0.9997973,0.000202675
545,1.0463895e-05,0.9999895
546,0.9999987,1.3083287e-06
547,9.8572105e-05,0.9999014
548,0.9999989,1.1152982e-06
549,0.9998134,0.00018659742
550,0.9999999,7.2239736e-08
551,9.354772e-06,0.9999907
552,0.9999938,6.151855e-06
553,3.8352198e-07,0.99999964
554,0.00052668236,0.9994734
555,0.9999949,5.1054203e-06
556,0.99999976,2.168665e-07
557,0.9994172,0.00058279664
558,0.9998492,0.00015082261
559,1.0,4.930694e-08
560,9.260292e-06,0.9999907
561,0.9999999,9.342153e-08
562,0.9999993,6.772491e-07
563,0.9999745,2.5496853e-05
564,0.9999982,1.7833422e-06
565,0.99831784,0.0016821335
566,0.00024304439,0.999757
567,0.999042,0.0009580184
568,0.99999297,6.9973885e-06
569,0.0004907049,0.99950933
570,0.99997365,2.6393915e-05
571,0.0018775737,0.9981224
572,0.99999845,1.5512239e-06
573,0.99999976,2.443065e-07
574,0.9999982,1.8207593e-06
575,0.99999774,2.2604147e-06
576,0.9999981,1.9604101e-06
577,2.1005842e-05,0.999979
578,8.425119e-08,0.9999999
579,0.9999994,6.0808065e-07
580,0.9999876,1.2346378e-05
581,0.9999844,1.5675252e-05
582,0.999998,2.0308896e-06
583,5.9979493e-06,0.99999404
584,0.00063682155,0.99936324
585,0.9999976,2.35609e-06
586,0.999851,0.0001489873
587,0.00024342633,0.9997565
588,0.9990889,0.000911165
589,0.9998807,0.000119272736
590,2.774958e-06,0.99999726
591,0.99996674,3.3241795e-05
592,0.9999994,5.546863e-07
593,0.9999995,5.237606e-07
594,1.0,1.56485e-08
595,0.999345,0.00065495935
596,0.9998292,0.00017081952
597,2.8953598e-05,0.99997103
598,0.9999795,2.0453488e-05
599,0.99999547,4.485781e-06
600,0.0001584897,0.99984145
601,0.9999999,1.4806159e-07
602,0.9997793,0.00022067786
603,0.99999976,1.8466389e-07
604,0.99998605,1.3907249e-05
605,4.7394504e-05,0.99995255
606,0.999987,1.2997196e-05
607,0.0002611664,0.9997389
608,0.99995553,4.4413227e-05
609,0.99995434,4.568799e-05
610,0.99897015,0.0010298329
611,0.99924195,0.0007581252
612,0.99999845,1.531268e-06
613,0.00021702319,0.999783
614,0.99860054,0.0013994583
615,0.99991655,8.341987e-05
616,0.99999917,8.793892e-07
617,0.9999938,6.237896e-06
618,0.99999964,3.8258676e-07
619,0.9998876,0.00011243774
620,0.99978083,0.00021914263
621,0.9999974,2.6554042e-06
622,1.0,9.737914e-09
623,0.9999939,6.037922e-06
624,0.9999498,5.0158982e-05
625,0.99999905,9.4370864e-07
626,0.9999999,1.0269216e-07
627,0.9999653,3.4697427e-05
628,0.99998665,1.3383972e-05
629,0.9990398,0.000960148
630,0.9999894,1.0587682e-05
631,0.9999751,2.4888566e-05
632,6.883859e-05,0.9999312
633,0.99998903,1.0981552e-05
634,0.9997435,0.00025644567
635,0.9999994,6.191238e-07
636,0.99999213,7.918977e-06
637,0.9995685,0.00043146097
638,1.0,4.2343967e-08
639,0.9999993,7.140247e-07
640,0.00021113134,0.99978894
641,0.99999833,1.6296203e-06
642,0.9999652,3.475717e-05
643,0.9999795,2.0523206e-05
644,0.9999714,2.8620601e-05
645,0.00015163286,0.99984837
646,0.00030842746,0.9996916
647,2.7926713e-05,0.9999721
648,0.0010012987,0.9989987
649,0.99999845,1.5411701e-06
650,0.9996729,0.0003270828
651,0.99876404,0.0012360282
652,0.99999166,8.310814e-06
653,0.00015077458,0.9998492
654,0.99835914,0.0016407858
655,0.9999162,8.383847e-05
656,0.9999999,7.3897866e-08
657,0.99999917,7.938598e-07
658,0.9996916,0.0003083651
659,0.9999999,1.3962259e-07
660,1.6722765e-06,0.99999833
661,0.0007701039,0.9992299
662,0.9999987,1.2990612e-06
663,0.0018355184,0.9981645
664,0.99997663,2.33647e-05
665,0.99977154,0.00022849905
666,0.9999256,7.4377494e-05
667,0.0010590492,0.998941
668,0.9999999,6.0663716e-08
669,0.9995951,0.000404892
670,1.0,3.098849e-08
671,0.00060808205,0.9993919
672,0.99999964,4.1692465e-07
673,0.9999958,4.183523e-06
674,0.99995553,4.444136e-05
675,0.9999974,2.6134383e-06
676,0.9999994,5.728231e-07
677,0.9998399,0.00016008326
678,0.9999752,2.4791092e-05
679,1.6642054e-05,0.9999833
680,0.99975115,0.00024885737
681,0.99999607,3.974378e-06
682,0.99999475,5.2580826e-06
683,0.999954,4.595699e-05
684,2.7406286e-06,0.99999726
685,0.99998045,1.959042e-05
686,0.99993396,6.608693e-05
687,0.0006447945,0.99935526
688,1.0,3.6166232e-09
689,0.99999785,2.0972357e-06
690,0.9999999,1.1063885e-07
691,0.9999987,1.34257e-06
692,0.99998605,1.3904279e-05
693,0.99827254,0.0017274017
694,5.8446417e-16,1.0
695,0.99999547,4.5226197e-06
696,0.99999857,1.3749153e-06
697,0.99999475,5.295897e-06
698,0.9999968,3.2348114e-06
699,0.9997912,0.00020883411
700,0.99999976,1.8141627e-07
701,1.0,5.2570197e-09
702,0.9998172,0.00018279729
703,0.9999912,8.851495e-06
704,0.99995136,4.8589587e-05
705,0.9999968,3.1662057e-06
706,0.9993292,0.0006708193
707,0.00019915786,0.99980086
708,0.9999573,4.2707623e-05
709,0.9999949,5.078164e-06
710,0.0018220727,0.9981779
711,1.0,9.736701e-10
712,8.2695486e-05,0.99991727
713,0.99990654,9.342346e-05
714,0.99998033,1.9727884e-05
715,0.99999964,3.1434976e-07
716,0.9997228,0.00027719166
717,0.9999758,2.4232439e-05
718,0.00037644638,0.99962354
719,0.00065316714,0.9993468
720,0.99685514,0.003144834
721,0.9982151,0.0017849298
722,0.99998343,1.6518738e-05
723,0.000499994,0.99950004
724,0.9999496,5.042766e-05
725,0.9999205,7.949133e-05
726,0.9999999,8.576654e-08
727,0.0007162201,0.99928385
728,0.9999876,1.2455297e-05
729,0.0029549499,0.9970451
730,0.99980277,0.00019728996
731,0.99922514,0.00077489397
732,1.4208454e-05,0.9999858
733,0.00013137699,0.99986863
734,0.9999455,5.44421e-05
735,7.854991e-06,0.99999213
736,0.99999714,2.8521488e-06
737,0.999694,0.00030607762
738,0.99999845,1.5932101e-06
739,0.9999982,1.774847e-06
740,0.9999924,7.5711446e-06
741,0.99999976,2.16698e-07
742,0.9995012,0.0004987612
743,0.99997175,2.8280561e-05
744,0.9999447,5.529132e-05
745,0.00013965684,0.9998603
746,0.9999969,3.0868705e-06
747,0.9997062,0.00029382182
748,0.9999932,6.8275954e-06
749,0.00048094278,0.9995191
750,0.00018137849,0.9998186
751,0.99999654,3.4657419e-06
752,0.9999833,1.6682876e-05
753,0.99924004,0.00075994135
754,0.9999714,2.865862e-05
755,0.9999846,1.5349306e-05
756,0.9999876,1.2340739e-05
757,0.9999939,6.0696407e-06
758,0.99999964,4.0711393e-07
759,3.3449896e-06,0.99999666
760,0.99996054,3.95012e-05
761,0.99999416,5.7950965e-06
762,0.9985971,0.001402928
763,0.0062893066,0.99371076
764,0.9999945,5.4443385e-06
765,0.0055629695,0.994437
766,0.99999905,9.4488297e-07
767,0.99999714,2.8845557e-06
768,1.3379697e-05,0.99998665
769,0.9999994,5.5690356e-07
770,0.00017058609,0.9998294
771,0.9991503,0.0008497419
772,0.9997985,0.00020150462
773,0.99894506,0.0010549477
774,0.99993396,6.609052e-05
775,0.99999774,2.3160678e-06
776,0.9999101,8.9863046e-05
777,0.9999999,1.2109906e-07
778,0.9999976,2.3571038e-06
779,0.9999987,1.3136499e-06
780,0.9999981,1.8673408e-06
781,0.9999999,1.3939561e-07
782,0.000104421626,0.9998956
783,0.9999752,2.4771805e-05
784,1.0,1.2287451e-08
785,0.99997365,2.631384e-05
786,0.9999912,8.820796e-06
787,0.99966884,0.00033117726
788,0.9993636,0.0006364253
789,0.9999137,8.634348e-05
790,0.00040131956,0.9995987
791,2.78125e-06,0.99999726
792,0.999708,0.00029194285
793,1.0638959e-05,0.9999894
794,0.9991352,0.00086477626
795,0.00022482136,0.99977523
796,0.99992394,7.600247e-05
797,0.9999999,9.9517855e-08
798,0.00036864515,0.9996313
799,0.99999833,1.6500537e-06
800,0.9999993,6.563967e-07
801,0.9999993,7.367212e-07
802,0.9998504,0.00014960114
803,0.99998593,1.4069947e-05
804,0.99996567,3.4280583e-05
805,1.0,2.0288125e-08
806,0.99991095,8.8998815e-05
807,0.00085914496,0.99914086
808,0.99876726,0.0012328189
809,0.99962246,0.0003774844
810,0.9996625,0.00033752286
811,0.99999034,9.680298e-06
812,0.99999964,4.0153222e-07
813,0.99929917,0.00070078723
814,0.9996748,0.00032520446
815,0.9999989,1.1014525e-06
816,1.0,1.6516905e-10
817,0.9999701,2.9957044e-05
818,0.9999995,4.636475e-07
819,2.8907494e-05,0.99997103
820,0.9999814,1.8552842e-05
821,0.99999833,1.6607954e-06
822,0.99937636,0.000623681
823,0.99986494,0.00013506925
824,0.00026153473,0.9997385
825,0.99989533,0.00010460301
826,0.99998856,1.1416441e-05
827,0.99985766,0.00014228416
828,0.9999701,2.991462e-05
829,0.9999386,6.134353e-05
830,0.9999999,9.520216e-08
831,0.9990246,0.00097540807
832,0.999551,0.00044894702
833,2.1367123e-06,0.99999785
834,1.2817031e-05,0.9999871
835,0.999931,6.9027774e-05
836,0.9999789,2.1046022e-05
837,0.9999994,5.6094393e-07
838,0.99999416,5.8840656e-06
839,0.99859506,0.0014049521
840,0.9999821,1.7828945e-05
841,0.9999802,1.9834275e-05
842,1.0,4.3362966e-10
843,0.0012150111,0.99878496
844,0.99999976,2.3709138e-07
845,3.2995573e-05,0.999967
846,1.0,3.3307874e-08
847,0.99999833,1.638639e-06
848,0.99999785,2.1765954e-06
849,0.9999908,9.185882e-06
850,0.99999726,2.7725403e-06
851,4.638036e-05,0.9999536
852,1.0,9.499716e-09
853,0.9999335,6.650728e-05
854,0.9998851,0.000114870156
855,0.99969244,0.00030752984
856,0.9999999,5.9674704e-08
857,0.9999871,1.2891737e-05
858,0.00025721628,0.9997428
859,0.9999851,1.48466615e-05
860,0.99997413,2.5827892e-05
861,0.0014187592,0.9985813
862,0.99999297,7.056656e-06
863,0.99994934,5.0642207e-05
864,0.99937624,0.00062379515
865,0.9998149,0.00018514134
866,0.00074709044,0.99925286
867,0.9999136,8.6415064e-05
868,0.9999989,1.0632604e-06
869,0.00035341547,0.99964654
870,2.1995031e-06,0.99999785
871,8.547258e-06,0.9999914
872,0.00024724135,0.9997527
873,0.9999831,1.6908156e-05
874,0.9992878,0.00071229396
875,0.999453,0.00054696994
876,0.9999932,6.7489973e-06
877,0.9999988,1.208551e-06
878,1.0,1.5523456e-09
879,0.99971074,0.00028926565
880,0.99999917,8.909702e-07
881,0.99990237,9.760579e-05
882,0.9999107,8.9279834e-05
883,0.999985,1.49980915e-05
884,0.99999726,2.6829566e-06
885,0.00024977038,0.9997502
886,0.999683,0.00031693687
887,0.00044795254,0.9995521
888,1.0471481e-05,0.9999895
889,0.99850297,0.0014970411
890,0.9996213,0.00037865774
891,0.00034278657,0.9996573
892,0.9999924,7.6003494e-06
893,0.99997616,2.3857894e-05
894,0.99999964,3.9589102e-07
895,0.9999968,3.2646938e-06
896,0.99962914,0.00037087314
897,0.9999994,5.46869e-07
898,5.0384202e-05,0.9999496
899,0.9999951,4.876969e-06
900,1.0,1.284235e-09
901,0.9999691,3.0920513e-05
902,0.0067844805,0.99321556
903,0.99999666,3.332203e-06
904,0.9999914,8.6319105e-06
905,0.0005906052,0.99940944
906,0.9999999,9.4197894e-08
907,0.9999962,3.8390217e-06
908,0.9999976,2.400391e-06
909,0.99995863,4.1375548e-05
910,0.99971,0.00028998608
911,0.99960095,0.0003990175
912,3.830807e-06,0.9999962
913,0.9999974,2.6737e-06
914,0.99999785,2.1861254e-06
915,0.9999982,1.7931637e-06
916,0.999191,0.0008090626
917,9.759527e-05,0.99990237
918,0.99991465,8.534259e-05
919,0.9999989,1.0257897e-06
920,0.99078864,0.009211415
921,0.9999975,2.5411903e-06
922,0.00150631,0.9984937
923,3.6903743e-06,0.9999963
924,0.9997074,0.00029253436
925,0.9999968,3.2246962e-06
926,0.999995,4.988905e-06
927,0.99995744,4.25438e-05
928,0.0025739586,0.997426
929,0.9999999,7.676647e-08
930,0.999408,0.0005920104
931,8.08506e-05,0.9999192
932,0.99991596,8.4020154e-05
933,1.0,4.3857263e-08
934,0.99998546,1.454653e-05
935,0.0011724121,0.99882764
936,1.0,4.9587117e-09
937,0.99806553,0.001934421
938,0.0010610158,0.998939
939,0.9999925,7.5147987e-06
940,0.9997192,0.00028074687
941,0.99999964,3.3044262e-07
942,0.9999888,1.12491325e-05
943,0.9997949,0.00020506124
944,0.99989724,0.00010272762
945,0.99999964,3.992404e-07
946,0.9999474,5.2560517e-05
947,0.9999249,7.514961e-05
948,3.1802185e-07,0.99999964
949,0.9999726,2.736882e-05
950,0.99999964,3.213756e-07
951,0.9999945,5.4912957e-06
952,0.9999995,4.939938e-07
953,4.006214e-10,1.0
954,0.99996233,3.76521e-05
955,0.99995625,4.3739252e-05
956,0.99999976,2.9409188e-07
957,5.206743e-05,0.9999479
958,0.9999995,4.5288638e-07
959,1.2881733e-05,0.9999871
960,0.9978144,0.0021855973
961,0.99998486,1.5114481e-05
962,1.0,1.1549334e-08
963,0.99992263,7.734123e-05
964,0.0006918484,0.9993081
965,0.99979264,0.00020737272
966,1.0,7.272204e-13
967,0.9999703,2.9625948e-05
968,0.0026847187,0.9973152
969,0.0005062032,0.99949384
970,0.999731,0.00026897475
971,7.448707e-06,0.9999926
972,0.9999989,1.0545776e-06
973,1.0,9.973939e-09
974,0.9999999,1.1430711e-07
975,9.509428e-05,0.9999049
976,1.0,1.1002012e-08
977,0.0006860868,0.99931395
978,0.9999757,2.4319204e-05
979,0.9999299,7.010751e-05
980,0.99986327,0.00013672584
981,0.99999976,2.0830069e-07
982,0.00014596524,0.99985397
983,3.9281662e-05,0.99996066
984,8.86431e-06,0.9999912
985,0.99956876,0.0004312747
986,0.99996245,3.7527065e-05
987,0.9996171,0.00038291872
988,0.9999999,1.5083907e-07
989,0.9999994,6.071037e-07
990,0.0010840415,0.99891603
991,0.99999976,1.8217304e-07
992,0.9994849,0.00051501766
993,9.3977576e-07,0.99999905
994,0.9999896,1.0348124e-05
995,0.00075791345,0.99924207
996,0.9999999,8.309178e-08
997,6.955016e-05,0.9999305
998,0.9999999,1.0448197e-07
999,0.9999908,9.1690945e-06
1000,0.99949753,0.0005024071
1001,0.9998429,0.00015704164
1002,1.0,3.0759462e-09
1003,0.99997985,2.0141177e-05
1004,0.9999993,6.9797005e-07
1005,0.00010783597,0.9998921
1006,4.6727175e-05,0.99995327
1007,0.99999964,3.3139315e-07
1008,0.99980026,0.00019972074
1009,0.0022089225,0.99779105
1010,8.145253e-06,0.9999919
1011,4.5717607e-06,0.99999547
1012,0.00040648456,0.99959356
1013,1.0,9.471708e-09
1014,0.99999976,2.0567215e-07
1015,0.0035791185,0.99642086
1016,0.003122844,0.9968772
1017,0.9992768,0.00072317675
1018,0.9999963,3.7437876e-06
1019,0.999936,6.396465e-05
1020,0.99987113,0.00012879238
1021,0.9999994,6.0519665e-07
1022,1.550292e-05,0.9999845
1023,0.00011362615,0.9998864
1024,0.9999068,9.321435e-05
1025,1.0,2.2405095e-08
1026,0.9999988,1.1980818e-06
1027,0.99999774,2.2694846e-06
1028,0.9999753,2.4697481e-05
1029,0.9999597,4.0267005e-05
1030,0.99984276,0.00015718487
1031,0.0009831436,0.9990169
1032,0.9999751,2.4923746e-05
1033,0.9987924,0.0012075774
1034,0.99990916,9.0866415e-05
1035,0.9989359,0.0010641332
1036,0.9987702,0.0012297507
1037,0.99995506,4.4975237e-05
1038,2.9290557e-06,0.999997
1039,0.99999976,2.7723792e-07
1040,0.00023324859,0.99976677
1041,0.9999175,8.246869e-05
1042,0.9999534,4.660355e-05
1043,0.999998,2.0459047e-06
1044,1.0,1.760143e-08
1045,1.1023395e-08,1.0
1046,0.00021900643,0.99978095
1047,0.0030509748,0.996949
1048,1.0,4.4884071e-10
1049,0.9999999,1.1591534e-07
1050,1.0,2.9622529e-09
1051,3.765059e-05,0.99996233
1052,0.9999993,6.830798e-07
1053,0.9999865,1.3518278e-05
1054,0.9999969,3.0707888e-06
1055,0.9999908,9.160897e-06
1056,0.000111338166,0.99988866
1057,0.9998,0.00020003026
1058,1.0,2.006185e-09
1059,0.999925,7.4971875e-05
1060,0.999938,6.1953055e-05
1061,0.99990237,9.75857e-05
1062,0.99903464,0.0009653787
1063,0.9999974,2.6602022e-06
1064,1.0,1.0788575e-12
1065,0.999846,0.00015399026
1066,0.9999993,7.520668e-07
1067,0.99978286,0.00021720557
1068,0.99998426,1.5782924e-05
1069,2.5988542e-05,0.999974
1070,0.9989563,0.0010436015
1071,0.9998547,0.0001453475
1072,0.99999785,2.1804099e-06
1073,0.99970007,0.00029991384
1074,0.99982697,0.00017302531
1075,0.9998466,0.00015336675
1076,0.99984646,0.00015353106
1077,3.986894e-06,0.99999607
1078,0.9999969,3.0441847e-06
1079,0.9995999,0.00040014886
1080,0.00016363873,0.9998363
1081,0.9998908,0.000109238674
1082,0.9999058,9.411842e-05
1083,0.99917173,0.0008282796
1084,3.4559984e-05,0.9999654
1085,4.4906396e-06,0.99999547
1086,0.99999917,8.2151286e-07
1087,0.9995004,0.00049957575
1088,0.99993193,6.8122215e-05
1089,0.9999325,6.7492736e-05
1090,0.002667676,0.99733233
1091,0.9999279,7.2128016e-05
1092,0.99960893,0.00039104032
1093,0.9999995,4.206769e-07
1094,0.999979,2.0968275e-05
1095,0.9996307,0.00036934734
1096,0.9999045,9.549948e-05
1097,0.0014961018,0.9985039
1098,0.00019260526,0.9998074
1099,0.9999857,1.4354757e-05
1100,0.99998975,1.0264003e-05
1101,0.0010308513,0.9989692
1102,0.99801314,0.001986819
1103,0.99748456,0.0025154243
1104,0.99999297,6.9753482e-06
1105,0.001625853,0.9983741
1106,0.9999999,6.842092e-08
1107,0.999997,2.9312157e-06
1108,0.00014290636,0.99985707
1109,0.99999917,8.0052115e-07
1110,0.99996436,3.565217e-05
1111,0.99912256,0.0008774842
1112,0.9987889,0.0012111462
1113,0.0001953632,0.9998047
1114,0.9999993,7.255789e-07
1115,0.99904174,0.00095825305
1116,0.9999324,6.7621775e-05
1117,0.9999833,1.67479e-05
1118,0.9999869,1.315597e-05
1119,0.99999774,2.2726815e-06
1120,0.99994946,5.0595096e-05
1121,0.0001834598,0.9998166
1122,6.9832204e-05,0.99993014
1123,5.0809675e-05,0.9999492
1124,1.0,3.551324e-08
1125,0.99999034,9.6748345e-06
1126,0.999967,3.3022327e-05
1127,0.9999999,1.3801252e-07
1128,0.99992275,7.727394e-05
1129,0.0006703949,0.9993297
1130,0.9999999,1.3210405e-07
1131,1.0,5.5318033e-08
1132,1.0,7.836836e-09
1133,0.0015038721,0.9984962
1134,0.99970883,0.00029111793
1135,0.9999919,8.078398e-06
1136,0.9992046,0.00079544826
1137,0.9999999,7.0858846e-08
1138,0.9999995,5.141614e-07
1139,0.9992482,0.0007517999
1140,0.9999999,1.0786255e-07
1141,0.999985,1.4969554e-05
1142,1.0,1.2361345e-10
1143,0.99998593,1.4051469e-05
1144,0.9999999,8.242991e-08
1145,0.999946,5.4055814e-05
1146,0.9999981,1.917863e-06
1147,4.6098097e-07,0.9999995
1148,0.9998598,0.00014018493
1149,4.4558146e-05,0.9999554
1150,0.99999976,2.827628e-07
1151,0.00015555104,0.99984443
1152,0.9999932,6.735475e-06
1153,0.99969506,0.00030491373
1154,0.9999999,1.5941933e-07
1155,0.9999995,5.119391e-07
1156,1.0,7.570605e-11
1157,1.5042527e-05,0.999985
