0,0.9999999,5.9621236e-08
1,7.831781e-06,0.99999213
2,0.0002953725,0.99970466
3,0.99999785,2.1505853e-06
4,0.9999889,1.1041922e-05
5,1.0,1.0775183e-09
6,1.0,2.8059048e-09
7,1.0,4.4214534e-09
8,0.9998671,0.00013295
9,0.999997,2.9246623e-06
10,0.99999976,2.5298493e-07
11,1.0,8.244905e-09
12,1.0,1.1956103e-09
13,1.0,9.988598e-09
14,1.0,4.7558867e-08
15,2.8897814e-06,0.99999714
16,6.180399e-06,0.9999938
17,0.99999607,3.9075176e-06
18,1.0,1.4770288e-10
19,0.00011176706,0.9998882
20,5.663559e-06,0.9999943
21,0.99981743,0.00018265324
22,4.0023188e-10,1.0
23,0.00024851997,0.9997515
24,1.0,7.2416045e-12
25,1.0,5.2211453e-09
26,5.807323e-06,0.99999416
27,0.9999999,7.6105174e-08
28,0.99996805,3.1997122e-05
29,5.7604942e-05,0.9999424
30,0.99997044,2.9549963e-05
31,0.00013509025,0.99986494
32,0.00010399058,0.99989605
33,1.0,2.564669e-08
34,0.9999907,9.336769e-06
35,1.0,2.4031863e-10
36,8.393583e-05,0.9999161
37,3.00144e-06,0.999997
38,1.0,2.7337117e-09
39,0.9999999,1.177677e-07
40,0.99999154,8.495769e-06
41,0.99999547,4.511781e-06
42,1.0,2.939768e-08
43,1.0,5.7746124e-08
44,1.0,7.661584e-11
45,0.9999987,1.304392e-06
46,0.99999976,2.8506318e-07
47,1.0,5.1092165e-08
48,2.0848959e-06,0.999998
49,6.3083655e-07,0.9999994
50,5.3188374e-05,0.99994683
51,0.99999976,2.2728042e-07
52,0.9977691,0.0022308528
53,0.9999964,3.5682074e-06
54,1.0,4.791953e-12
55,1.0,6.512586e-09
56,0.9999951,4.838582e-06
57,1.0,1.2603569e-09
58,0.9999994,5.6004745e-07
59,0.999997,2.9452708e-06
60,0.9999074,9.265886e-05
61,1.0,1.246936e-12
62,0.99999833,1.6901472e-06
63,1.0,1.153059e-14
64,0.99999976,2.4845545e-07
65,0.00021448385,0.9997855
66,1.0,1.2245431e-08
67,1.8351082e-05,0.99998164
68,0.9998149,0.0001850762
69,1.0,5.6985443e-09
70,1.0,1.3861316e-08
71,0.9994796,0.0005204724
72,0.99994814,5.1827123e-05
73,1.3153523e-06,0.9999987
74,0.9999999,9.5304635e-08
75,7.915306e-05,0.99992085
76,0.99963903,0.00036091052
77,0.9999925,7.503477e-06
78,0.00028804757,0.99971193
79,1.0,1.0941763e-08
80,0.9999999,6.520394e-08
81,1.0,1.346914e-10
82,1.0,1.9176732e-13
83,0.9999993,7.213433e-07
84,0.99999607,3.916748e-06
85,1.0,1.4818661e-09
86,1.0,5.009172e-08
87,1.0,3.2348752e-11
88,0.99982846,0.00017151708
89,1.0,3.5382275e-08
90,7.405915e-05,0.999926
91,2.546212e-06,0.9999975
92,0.9999976,2.3273467e-06
93,1.9077046e-07,0.99999976
94,2.4252072e-06,0.9999976
95,0.9999993,7.217899e-07
96,1.0,1.607725e-13
97,0.9993181,0.0006819135
98,0.9999882,1.1755212e-05
99,1.0,5.388457e-12
100,3.512008e-05,0.99996483
101,0.99999905,9.4322274e-07
102,0.99992394,7.60129e-05
103,0.99999416,5.80244e-06
104,1.0461419e-05,0.9999895
105,1.0,2.925645e-11
106,1.0,5.256395e-10
107,0.99690384,0.0030962024
108,1.7602893e-05,0.99998236
109,1.0,1.1109789e-08
110,1.0,1.5542396e-08
111,0.0016909963,0.998309
112,0.999998,1.9867332e-06
113,0.006839218,0.9931607
114,1.0,3.9786368e-08
115,0.00014807237,0.99985194
116,0.99999535,4.6888663e-06
117,0.99994314,5.6866793e-05
118,0.99999666,3.3575116e-06
119,0.0002774066,0.99972254
120,0.99999547,4.516564e-06
121,0.9999999,1.6715578e-07
122,0.0011359018,0.9988642
123,3.284347e-05,0.9999671
124,0.9998367,0.00016328366
125,2.8213217e-06,0.99999714
126,0.9999907,9.275601e-06
127,0.99999833,1.6798483e-06
128,1.0,1.4489847e-11
129,0.99993396,6.607262e-05
130,1.0,1.90097e-08
131,1.0,1.1065421e-08
132,0.9999999,6.3470836e-08
133,0.00047799008,0.999522
134,1.7158696e-07,0.9999999
135,1.0,3.967281e-10
136,0.9999877,1.2269169e-05
137,0.99960274,0.00039729587
138,0.99999964,3.8958643e-07
139,0.9999999,9.652945e-08
140,0.9999938,6.241014e-06
141,0.99999607,3.887498e-06
142,0.0004969161,0.999503
143,0.9999999,6.477752e-08
144,0.99999774,2.292928e-06
145,0.99999726,2.7351452e-06
146,7.239918e-05,0.99992764
147,0.999995,4.9760897e-06
148,0.9999691,3.0835614e-05
149,1.0,1.4286544e-08
150,2.003171e-06,0.999998
151,5.850923e-08,1.0
152,1.0,3.597893e-10
153,0.99998343,1.660005e-05
154,1.7900908e-05,0.9999821
155,0.9999956,4.434079e-06
156,0.99999607,3.990831e-06
157,0.9998857,0.00011427853
158,0.99999976,2.02126e-07
159,1.0,7.189205e-10
160,0.99999905,9.706658e-07
161,4.420525e-05,0.9999558
162,1.0,1.7537225e-08
163,0.00012266956,0.99987733
164,1.0,4.096274e-08
165,0.99999166,8.367309e-06
166,0.0003243672,0.99967563
167,0.99999285,7.2075936e-06
168,0.99990165,9.833552e-05
169,1.0,1.1384515e-08
170,2.2558608e-05,0.99997747
171,0.9999999,8.6799695e-08
172,0.9999993,7.515291e-07
173,0.9999746,2.5392004e-05
174,1.0,1.1981871e-10
175,0.99999344,6.592024e-06
176,0.9999999,8.2948155e-08
177,0.00011604431,0.9998839
178,1.0,3.735997e-10
179,0.9999999,1.3612886e-07
180,1.0,9.276558e-09
181,0.99999976,1.9436877e-07
182,5.4895132e-05,0.99994504
183,1.0,1.4972019e-09
184,1.0,9.070118e-10
185,0.9999999,1.7145693e-07
186,0.0025413167,0.99745876
187,0.9999982,1.8186507e-06
188,1.0507965e-05,0.9999895
189,0.9999999,1.3745795e-07
190,1.0,2.4417226e-08
191,1.0,7.911754e-12
192,1.0,1.8680049e-10
193,1.0,1.9304813e-09
194,0.99999857,1.4092464e-06
195,0.9999945,5.43256e-06
196,0.9999473,5.2685074e-05
197,0.9999993,6.58192e-07
198,0.99999034,9.6598615e-06
199,0.9999988,1.1540128e-06
200,1.5215195e-05,0.99998474
201,3.250917e-05,0.99996746
202,1.0,1.7480986e-08
203,1.0,1.1919659e-11
204,0.0005076484,0.9994923
205,0.99999976,2.427347e-07
206,0.9999987,1.3612098e-06
207,0.99999714,2.8065704e-06
208,0.9999994,5.4756674e-07
209,4.647565e-06,0.99999535
210,1.0,3.41721e-08
211,1.0,6.4371966e-11
212,1.3941482e-05,0.99998605
213,0.9999994,6.523398e-07
214,0.9999999,1.2554732e-07
215,6.530004e-06,0.99999344
216,0.9999999,7.1022434e-08
217,8.975797e-05,0.99991024
218,0.9995584,0.00044165252
219,0.00016503427,0.9998349
220,0.9999976,2.441619e-06
221,0.9999845,1.5498987e-05
222,0.99999976,2.9036417e-07
223,0.00021702277,0.999783
224,0.9999007,9.924732e-05
225,1.0,6.957807e-09
226,0.9999999,8.1564565e-08
227,1.0,6.9139925e-09
228,1.0,9.7387905e-12
229,0.9993824,0.00061757927
230,0.9999963,3.6660304e-06
231,0.9999981,1.8719785e-06
232,0.9999927,7.330178e-06
233,4.066719e-05,0.99995935
234,0.99999094,9.024326e-06
235,1.0,2.058803e-10
236,1.0,1.5568176e-12
237,1.0,3.3339777e-08
238,0.0003672806,0.9996327
239,1.0,8.9015595e-10
240,0.9999999,7.802342e-08
241,7.418101e-05,0.99992585
242,0.9999999,1.2457933e-07
243,0.9999933,6.673501e-06
244,3.6447202e-06,0.9999963
245,0.99999654,3.4688203e-06
246,1.0,4.5212772e-08
247,0.99999976,2.1525683e-07
248,0.00028215212,0.9997178
249,0.9999999,1.6216596e-07
250,0.9999368,6.319092e-05
251,0.99999905,9.428558e-07
252,1.0,6.798886e-09
253,0.9999969,3.0994636e-06
254,0.9999999,7.009545e-08
255,4.5583093e-09,1.0
256,0.99938524,0.0006147736
257,0.00010060957,0.9998994
258,0.9999999,6.795712e-08
259,0.99999905,9.782416e-07
260,1.0,4.84747e-11
261,1.0,2.7143923e-14
262,1.0,3.0564307e-09
263,1.3319007e-09,1.0
264,0.9999999,6.635847e-08
265,1.0,9.0488e-09
266,1.0,4.586524e-12
267,1.0,5.6779867e-12
268,1.0,1.0541373e-08
269,1.0,1.6980486e-08
270,1.0,3.2153434e-08
271,0.9997116,0.00028845572
272,0.99995446,4.5535966e-05
273,0.99977165,0.00022840255
274,1.0,1.8255488e-12
275,0.9998591,0.00014091856
276,3.7486707e-08,1.0
277,0.99999917,8.2499804e-07
278,1.0,5.8685984e-10
279,1.0,8.234658e-09
280,0.0043835067,0.99561656
281,0.0013309809,0.998669
282,0.9999926,7.333044e-06
283,0.99998295,1.701462e-05
284,0.9999925,7.522679e-06
285,0.0018986939,0.9981013
286,0.9999994,5.9149704e-07
287,0.9999553,4.4731765e-05
288,1.0,2.194074e-09
289,1.0,3.5907578e-13
290,5.552418e-05,0.99994445
291,8.8140136e-05,0.9999119
292,0.9999813,1.8699282e-05
293,0.9999999,6.306465e-08
294,1.0,4.829129e-13
295,0.99951196,0.00048801157
296,4.6478044e-06,0.99999535
297,0.9999975,2.4879835e-06
298,0.99999976,2.5662942e-07
299,0.9999963,3.6977794e-06
300,1.0,1.2322163e-08
301,0.9999863,1.3731419e-05
302,1.524715e-07,0.9999999
303,1.1367478e-05,0.9999887
304,1.0,4.793818e-12
305,0.99999964,3.5395442e-07
306,1.0,2.5275262e-10
307,1.1596743e-05,0.99998844
308,0.99996066,3.9381328e-05
309,0.9999993,6.676077e-07
310,3.277348e-05,0.9999672
311,0.99989974,0.000100271856
312,0.9999895,1.0531913e-05
313,1.0,1.1898926e-10
314,0.99985886,0.00014107155
315,0.9999999,1.156059e-07
316,0.9999999,1.6229035e-07
317,1.1659618e-05,0.9999883
318,1.216095e-05,0.99998784
319,1.7812596e-05,0.99998224
320,1.7744815e-06,0.9999982
321,0.99999917,8.556136e-07
322,1.0,4.2764242e-08
323,0.99990106,9.898052e-05
324,0.99999475,5.23315e-06
325,1.5148074e-05,0.99998486
326,1.0,1.6144035e-08
327,0.9999995,4.804868e-07
328,1.0,3.0374238e-11
329,0.00080046157,0.99919957
330,0.9999634,3.653814e-05
331,0.99999857,1.4656528e-06
332,9.369509e-08,0.9999999
333,0.9999989,1.0301759e-06
334,0.99999034,9.65941e-06
335,0.99999917,7.7546713e-07
336,1.0,6.9540653e-09
337,0.99999785,2.1431285e-06
338,0.9998534,0.00014666186
339,1.0,1.4844856e-09
340,4.3799067e-05,0.99995625
341,0.9998863,0.00011369854
342,0.9999938,6.1799333e-06
343,0.9999994,6.3036566e-07
344,0.9999994,5.830547e-07
345,0.9999175,8.2471364e-05
346,0.99998915,1.0801014e-05
347,0.9999672,3.2756798e-05
348,0.9999757,2.4277446e-05
349,1.0,4.6873133e-10
350,1.0,4.269285e-08
351,6.136788e-05,0.9999386
352,1.0,1.1012612e-12
353,0.99999774,2.2844833e-06
354,1.0,1.0529598e-08
355,0.99981266,0.00018737692
356,0.99998975,1.0230728e-05
357,0.9986972,0.0013028516
358,0.0008762605,0.99912375
359,0.99814725,0.0018527259
360,1.0,7.2930117e-13
361,1.0,9.283935e-10
362,0.9995889,0.0004111032
363,1.0,2.2943033e-11
364,0.99999917,7.9263276e-07
365,0.00022879313,0.9997712
366,0.99999976,1.9365643e-07
367,0.9997577,0.00024233773
368,1.0,4.4426574e-08
369,2.8148235e-05,0.99997187
370,1.0,2.645602e-11
371,8.292005e-05,0.99991703
372,0.9999999,1.4599594e-07
373,1.0,5.551817e-10
374,0.99997437,2.5671889e-05
375,1.0,1.0713207e-10
376,0.99995947,4.0560833e-05
377,0.9999994,6.118991e-07
378,0.99999976,2.3512835e-07
379,1.0,5.0871547e-11
380,0.0004642958,0.9995357
381,0.00032912445,0.99967086
382,0.99998784,1.215032e-05
383,0.999985,1.5055328e-05
384,0.9999918,8.197886e-06
385,1.0,4.3108784e-11
386,0.99999964,3.1343163e-07
387,1.785437e-06,0.9999982
388,1.0,2.1670372e-08
389,0.9998958,0.00010413227
390,0.99999964,4.0171528e-07
391,3.1053307e-05,0.9999689
392,2.3722563e-05,0.9999763
393,8.349069e-08,0.9999999
394,0.9999989,1.1100989e-06
395,1.0,4.914755e-10
396,0.0018037425,0.9981963
397,0.99994636,5.368542e-05
398,1.01378134e-07,0.9999999
399,0.99990356,9.6453594e-05
400,1.0,1.6880887e-09
401,0.9999975,2.4505885e-06
402,0.999998,2.074527e-06
403,0.9996588,0.00034118118
404,0.0011496876,0.99885035
405,1.5850013e-05,0.99998415
406,0.9999994,5.7835075e-07
407,0.9999988,1.2071825e-06
408,1.0,1.885673e-08
409,0.99999976,1.9874595e-07
410,1.0,1.0050377e-09
411,0.99999976,2.4234149e-07
412,1.0,4.2996025e-08
413,1.5562762e-05,0.9999844
414,1.1001659e-07,0.9999999
415,1.0,3.0963365e-09
416,1.21084695e-05,0.99998784
417,1.0,4.1816335e-08
418,0.9999995,4.2433146e-07
419,0.9999999,1.2534967e-07
420,1.0,1.9112022e-10
421,0.9999771,2.2914153e-05
422,1.0,7.054948e-12
423,1.0,7.2263138e-09
424,0.00023209899,0.99976796
425,0.9999603,3.9663617e-05
426,0.99907684,0.00092315336
427,0.99999785,2.1707726e-06
428,1.0,3.1383344e-11
429,2.17087e-06,0.99999785
430,7.584956e-05,0.9999242
431,0.9999999,1.6656762e-07
432,3.302051e-07,0.99999964
433,2.2171378e-05,0.9999778
434,2.5035113e-06,0.9999975
435,0.99999785,2.1765788e-06
436,0.0006994648,0.9993005
437,1.0,1.222926e-11
438,0.9999999,1.464511e-07
439,1.0690437e-06,0.9999989
440,0.99999964,3.173099e-07
441,1.0,1.0919928e-09
442,0.9999987,1.3399683e-06
443,1.3824089e-05,0.9999862
444,1.0,2.8423108e-10
445,1.0,1.6431256e-09
446,1.9662107e-06,0.9999981
447,1.0,3.7567781e-13
448,0.99999976,2.515854e-07
449,0.0001914063,0.9998086
450,2.9250974e-05,0.9999708
451,1.0,1.7898973e-09
452,0.00023650985,0.99976355
453,0.99999976,2.9187225e-07
454,0.0003268353,0.9996731
455,0.99999547,4.5304896e-06
456,0.9991677,0.0008323391
457,0.99999905,8.9912186e-07
458,1.0,5.168313e-10
459,0.9999999,9.710319e-08
460,0.99998176,1.8204002e-05
461,0.0006342678,0.99936575
462,1.0,3.986567e-08
463,1.501014e-05,0.999985
464,0.0003868848,0.9996131
465,1.0,3.645548e-11
466,0.9999995,5.1884876e-07
467,1.0,1.695479e-08
468,0.00016074463,0.9998392
469,1.0,1.4027244e-09
470,1.0,5.929618e-09
471,0.9999999,1.3240613e-07
472,0.9999894,1.0624804e-05
473,8.9581645e-06,0.99999106
474,0.000111694186,0.9998883
475,1.0,3.6816854e-09
476,0.9987362,0.0012638489
477,0.9999999,1.3611653e-07
478,6.750915e-05,0.9999325
479,0.99999964,3.2422747e-07
480,1.6768312e-06,0.99999833
481,0.99999964,3.4648193e-07
482,0.99999964,3.4957526e-07
483,1.0,8.929993e-10
484,4.0384367e-07,0.99999964
485,2.1998758e-05,0.99997795
486,1.0,1.3791299e-08
487,0.0040616803,0.9959383
488,0.9999999,1.5011409e-07
489,0.99999976,2.4404147e-07
490,0.99972063,0.00027932302
491,2.1988273e-05,0.99997807
492,0.00014826197,0.9998517
493,2.6661377e-07,0.99999976
494,1.0,2.9394878e-08
495,1.0,2.9278685e-10
496,0.99994886,5.111229e-05
497,1.0,2.1989874e-10
498,0.9999095,9.046774e-05
499,0.9998134,0.00018668463
500,1.0,2.2919482e-09
501,1.1734794e-05,0.9999883
502,0.00031781587,0.9996822
503,0.0005746191,0.9994254
504,2.87564e-06,0.99999714
505,0.00025305984,0.999747
506,0.9999927,7.24482e-06
507,0.9999999,1.1171948e-07
508,9e-05,0.99991
509,1.0222661e-06,0.9999989
510,1.0,3.1978115e-10
511,0.99999976,2.8875507e-07
512,3.350803e-05,0.9999665
513,1.0,3.2768082e-09
514,1.0,4.320582e-08
515,0.00024245442,0.9997576
516,0.9999919,8.067343e-06
517,1.0,9.6637915e-09
518,0.9999989,1.0222934e-06
519,0.9999995,5.2952635e-07
520,0.00017527181,0.9998247
521,0.99999976,2.5396298e-07
522,0.001333393,0.99866664
523,0.9985347,0.0014653025
524,0.99998236,1.7667004e-05
525,1.01110345e-05,0.99998987
526,3.364062e-05,0.9999664
527,0.9999976,2.3911193e-06
528,0.00053976226,0.9994603
529,7.3439337e-06,0.9999926
530,0.9999856,1.4379034e-05
531,1.0,2.4674721e-08
532,0.99999213,7.891761e-06
533,0.9999299,7.008605e-05
534,1.0,9.480999e-09
535,0.99996054,3.9403974e-05
536,1.0,1.2180362e-13
537,0.9999999,6.8959e-08
538,1.0,7.540994e-10
539,0.9999831,1.6902528e-05
540,0.99969256,0.00030746154
541,0.999713,0.0002870048
542,0.9999999,9.1509285e-08
543,0.9999999,7.327875e-08
544,0.9999603,3.965874e-05
545,8.133554e-05,0.9999187
546,0.99999964,3.2690568e-07
547,0.0012218178,0.99877816
548,0.9999999,6.470615e-08
549,0.9999999,9.855751e-08
550,0.9999931,6.967092e-06
551,0.0017155583,0.9982844
552,0.9999759,2.404579e-05
553,2.093202e-08,1.0
554,7.161816e-05,0.99992836
555,0.9999968,3.1647266e-06
556,0.9999994,6.3444446e-07
557,0.99999607,3.895975e-06
558,0.99999726,2.7611543e-06
559,1.0,1.2575092e-09
560,2.874689e-07,0.99999976
561,0.9999989,1.0738687e-06
562,1.0,2.339491e-08
563,0.999997,3.0019182e-06
564,1.0,9.482898e-09
565,0.9999999,1.4861088e-07
566,6.3022986e-07,0.9999994
567,1.0,2.9741603e-08
568,0.9999988,1.1791508e-06
569,0.0013027374,0.99869734
570,0.9999999,1.1656429e-07
571,0.00039247388,0.9996075
572,0.9999999,1.4447308e-07
573,1.0,7.443016e-12
574,1.0,3.5280582e-08
575,0.99999976,1.8005564e-07
576,1.0,4.900137e-09
577,0.00014510364,0.9998549
578,4.3101467e-05,0.99995685
579,0.99969935,0.00030072013
580,0.9999944,5.579781e-06
581,0.99999905,9.645194e-07
582,0.99995863,4.1343912e-05
583,0.00035498803,0.999645
584,1.5070972e-05,0.999985
585,0.99999,9.9924e-06
586,0.9998511,0.00014889867
587,0.00025097374,0.999749
588,1.0,4.7563766e-08
589,0.9992256,0.00077432295
590,2.4006176e-06,0.9999976
591,1.0,1.0552678e-08
592,0.99999833,1.6226202e-06
593,1.0,1.6560697e-09
594,1.0,2.2781148e-09
595,0.9999825,1.7571096e-05
596,0.9999795,2.047363e-05
597,0.00081789226,0.99918205
598,1.0,1.4911695e-08
599,0.9999968,3.2303906e-06
600,4.2598575e-05,0.99995744
601,1.0,3.0354826e-08
602,1.0,5.758013e-09
603,1.0,2.572683e-09
604,1.0,4.5082635e-09
605,2.1328145e-07,0.99999976
606,1.0,1.2894704e-09
607,0.00040537375,0.9995946
608,0.9999752,2.4769752e-05
609,0.99995494,4.507554e-05
610,0.9999739,2.6132337e-05
611,0.9999937,6.314195e-06
612,1.0,3.833184e-09
613,7.780986e-08,0.9999999
614,0.9999722,2.7818583e-05
615,0.9999999,8.185039e-08
616,1.0,3.3693553e-08
617,0.9999993,7.4777216e-07
618,1.0,1.34801015e-08
619,0.99996114,3.887613e-05
620,0.9999305,6.944677e-05
621,1.0,4.6260995e-10
622,1.0,8.1782275e-10
623,1.0,5.1796082e-08
624,0.99998665,1.3390036e-05
625,1.0,5.0506235e-13
626,0.9999999,8.271086e-08
627,1.0,2.0098272e-09
628,1.0,4.9128577e-08
629,0.99998295,1.7052289e-05
630,0.9999988,1.24252e-06
631,0.9999999,6.9947475e-08
632,1.4491797e-09,1.0
633,1.0,2.3974156e-08
634,0.9998504,0.00014954152
635,1.0,2.764145e-11
636,0.9999894,1.0576118e-05
637,1.0,5.688076e-09
638,1.0,2.9098448e-08
639,1.0,3.783906e-08
640,2.8818453e-05,0.99997115
641,1.0,2.1222391e-08
642,0.99999845,1.5754988e-06
643,0.9996456,0.00035439394
644,0.9999783,2.1671922e-05
645,2.5454603e-05,0.9999745
646,6.4060487e-06,0.99999356
647,2.9760467e-06,0.999997
648,1.3313166e-05,0.99998665
649,0.99999845,1.5039996e-06
650,0.9999726,2.7411634e-05
651,1.0,1.9161086e-09
652,0.999985,1.5024748e-05
653,0.00010515396,0.99989486
654,0.99999917,8.396658e-07
655,0.9999999,1.4758973e-07
656,0.99984944,0.00015053237
657,0.9999951,4.85821e-06
658,0.9999963,3.7315401e-06
659,1.0,2.1258841e-09
660,1.7157816e-05,0.99998283
661,0.00013232356,0.9998677
662,0.99999905,9.917268e-07
663,9.1473487e-07,0.99999905
664,0.99999404,6.01327e-06
665,0.9999988,1.1405747e-06
666,1.0,4.168589e-08
667,4.899365e-05,0.999951
668,0.99999654,3.4114446e-06
669,1.0,5.538536e-09
670,0.9999999,6.71768e-08
671,3.2022763e-05,0.99996793
672,1.0,6.011399e-11
673,0.9999541,4.5940866e-05
674,0.9999999,9.886062e-08
675,0.99999976,1.9383215e-07
676,1.0,9.314499e-13
677,1.0,8.5021365e-12
678,0.9999918,8.219712e-06
679,6.811765e-06,0.9999932
680,0.9999976,2.426422e-06
681,0.9999945,5.5294786e-06
682,0.9999771,2.2853525e-05
683,0.9999597,4.0342344e-05
684,4.827838e-06,0.99999523
685,1.0,2.3171888e-08
686,0.9999989,1.0396487e-06
687,0.0010986907,0.99890125
688,1.0,1.6343848e-11
689,0.9999865,1.341863e-05
690,0.9999932,6.7645465e-06
691,0.99999607,3.8746616e-06
692,1.0,7.796968e-09
693,0.9999882,1.1803247e-05
694,4.1385007e-08,1.0
695,1.0,5.4741878e-09
696,0.99999905,9.728707e-07
697,0.9999807,1.9328834e-05
698,0.99999,1.0049905e-05
699,0.99996626,3.3764132e-05
700,1.0,2.0567072e-10
701,1.0,7.258679e-13
702,0.99999905,9.829503e-07
703,0.9999999,1.2578401e-07
704,1.0,3.7771425e-08
705,0.9999994,6.323526e-07
706,0.99997187,2.8168348e-05
707,0.0008731621,0.99912685
708,0.99999785,2.1312012e-06
709,1.0,3.9606544e-08
710,5.6954505e-06,0.9999943
711,1.0,2.5334652e-08
712,0.00014558704,0.99985445
713,1.0,1.09578124e-10
714,0.9999999,1.2001993e-07
715,1.0,7.306919e-10
716,0.99994826,5.179254e-05
717,0.99999714,2.816926e-06
718,7.367953e-06,0.9999926
719,0.0011579186,0.99884206
720,0.99989307,0.00010687044
721,0.99986017,0.00013986076
722,0.9999993,7.5624615e-07
723,5.4088737e-06,0.99999464
724,0.9999999,1.6877073e-07
725,0.9999249,7.5055636e-05
726,1.0,4.859433e-10
727,2.1757766e-07,0.99999976
728,0.9998447,0.00015532368
729,6.3893504e-09,1.0
730,0.9999968,3.2685505e-06
731,0.99986815,0.0001318134
732,8.729098e-05,0.99991274
733,4.9842026e-08,1.0
734,0.99969697,0.00030301962
735,3.5795732e-05,0.99996424
736,0.99998176,1.8292445e-05
737,0.9995758,0.0004242059
738,1.0,2.7499811e-09
739,1.0,1.5940494e-16
740,1.0,8.7075245e-09
741,1.0,1.4043098e-08
742,0.9999962,3.843909e-06
743,0.9999863,1.366907e-05
744,1.0,4.511586e-08
745,0.00019728225,0.99980277
746,0.99999905,9.059802e-07
747,1.0,4.560631e-13
748,0.9999968,3.2411974e-06
749,0.0009042408,0.9990958
750,1.0677904e-06,0.9999989
751,0.9999956,4.4066737e-06
752,1.0,5.0658966e-09
753,1.0,1.4722761e-09
754,0.9999969,3.1373002e-06
755,0.99999523,4.719376e-06
756,1.0,7.3841583e-10
757,0.9999988,1.2057743e-06
758,0.9991375,0.00086245243
759,1.943576e-06,0.9999981
760,1.0,8.7461745e-09
761,1.0,4.436736e-09
762,0.99977344,0.00022651188
763,0.0035562348,0.9964438
764,0.9999831,1.6961385e-05
765,1.2279458e-05,0.9999877
766,0.99999344,6.5656595e-06
767,0.99991703,8.292069e-05
768,1.1573408e-05,0.99998844
769,0.99998343,1.6564816e-05
770,0.00012563942,0.99987435
771,0.99997413,2.5898484e-05
772,0.99999905,9.6518e-07
773,0.9999994,6.53202e-07
774,0.9999962,3.7642799e-06
775,0.99999404,5.919975e-06
776,0.99997425,2.5727963e-05
777,1.0,1.8454534e-10
778,1.0,5.4258845e-08
779,0.9999496,5.0438433e-05
780,1.0,7.8726115e-13
781,0.9999887,1.1368638e-05
782,5.7060177e-05,0.9999429
783,0.99999976,2.4454891e-07
784,1.0,2.7184626e-08
785,0.9999999,7.436758e-08
786,0.9993349,0.00066508364
787,0.9999926,7.3400406e-06
788,0.9999211,7.896211e-05
789,0.99999976,2.7535393e-07
790,8.256505e-07,0.99999917
791,1.2936055e-06,0.9999987
792,1.0,1.6864755e-10
793,8.817894e-06,0.9999912
794,0.9999995,4.7754935e-07
795,0.00045879418,0.9995413
796,0.99999964,3.271296e-07
797,0.9999999,6.32574e-08
798,6.475874e-07,0.9999994
799,1.0,2.2608034e-10
800,1.0,1.4937312e-12
801,0.99984753,0.00015249342
802,0.9999981,1.9535012e-06
803,1.0,1.4512438e-08
804,1.0,4.2511415e-11
805,0.99998534,1.4637148e-05
806,0.9999999,1.0616418e-07
807,5.364735e-06,0.99999464
808,1.0,3.2733677e-08
809,1.0,4.761024e-08
810,1.0,1.0559403e-08
811,0.99998915,1.0791665e-05
812,0.9999995,5.2066196e-07
813,1.0,4.550528e-08
814,0.99999976,2.0145188e-07
815,1.0,1.1157601e-10
816,1.0,1.9012144e-14
817,1.0,3.3645693e-09
818,1.0,3.5254918e-10
819,2.754155e-05,0.99997246
820,0.99927515,0.0007248278
821,0.99999976,2.4302514e-07
822,0.99999845,1.5030677e-06
823,1.0,1.0794025e-09
824,5.279819e-05,0.9999472
825,0.99999845,1.5787926e-06
826,0.99991846,8.1478596e-05
827,0.9999888,1.12304815e-05
828,0.99999774,2.3106406e-06
829,1.0,4.510958e-08
830,0.99989533,0.000104662075
831,0.99991333,8.6609005e-05
832,0.99999976,2.1567291e-07
833,0.00026349394,0.9997365
834,2.4806295e-06,0.9999975
835,0.9997135,0.0002865493
836,0.9999945,5.507606e-06
837,1.0,1.2224847e-12
838,0.9999969,3.1133336e-06
839,0.99998236,1.7695702e-05
840,0.99999857,1.4894065e-06
841,1.0,2.232063e-09
842,1.0,1.3122172e-09
843,2.8150085e-08,1.0
844,1.0,8.0123135e-09
845,6.3238376e-06,0.9999937
846,0.99999845,1.6056721e-06
847,0.9999982,1.7971253e-06
848,1.0,4.200569e-09
849,0.99999654,3.4986585e-06
850,1.0,5.062243e-10
851,6.04217e-05,0.99993956
852,1.0,3.9903972e-10
853,1.0,3.0962966e-08
854,0.99999964,3.7985427e-07
855,0.9999747,2.521914e-05
856,1.0,3.8216041e-10
857,0.9999999,8.476408e-08
858,0.00059057947,0.99940944
859,0.99999976,2.0558196e-07
860,0.99999857,1.4159606e-06
861,1.4657883e-06,0.99999857
862,1.0,7.318132e-10
863,0.9999993,7.591799e-07
864,0.99999666,3.3516856e-06
865,0.99999917,8.66765e-07
866,2.7438455e-07,0.99999976
867,0.99999857,1.475616e-06
868,1.0,7.5948636e-10
869,0.0012672093,0.99873275
870,2.6520473e-05,0.99997354
871,5.0031333e-05,0.99994993
872,6.6010807e-07,0.9999993
873,0.99999905,9.644328e-07
874,0.99993837,6.1649545e-05
875,0.99974376,0.00025623498
876,1.0,1.5614406e-10
877,1.0,3.6323003e-10
878,1.0,1.9996579e-11
879,0.9999981,1.8974075e-06
880,0.9998671,0.00013288598
881,0.9999919,8.077474e-06
882,1.0,2.4974913e-08
883,0.9999212,7.8831414e-05
884,0.99993217,6.780115e-05
885,0.00028069442,0.9997193
886,0.99980384,0.00019623523
887,1.2318223e-05,0.9999877
888,4.945033e-07,0.9999995
889,0.9999064,9.354078e-05
890,0.99999976,2.4239188e-07
891,4.126427e-05,0.99995875
892,0.99994445,5.554097e-05
893,0.9999999,1.5973467e-07
894,0.9999993,7.488283e-07
895,0.99997425,2.5692141e-05
896,0.9999995,5.134886e-07
897,0.99993575,6.429624e-05
898,1.3763795e-06,0.99999857
899,0.9999722,2.7745933e-05
900,1.0,1.1194341e-08
901,0.99999833,1.655637e-06
902,0.008466745,0.9915332
903,1.0,2.0032873e-12
904,0.9999969,3.14857e-06
905,7.056757e-05,0.9999294
906,0.99999976,2.1512118e-07
907,0.9999106,8.944482e-05
908,0.99999976,2.2987908e-07
909,0.9999778,2.214716e-05
910,0.9999949,5.1662178e-06
911,0.99999964,3.1370766e-07
912,5.256498e-09,1.0
913,1.0,2.241761e-09
914,1.0,2.48624e-09
915,0.99982196,0.00017810667
916,1.0,8.958812e-09
917,3.528249e-05,0.9999647
918,1.0,6.656938e-09
919,0.99999917,8.56261e-07
920,0.9953961,0.004603883
921,0.9999994,5.4960026e-07
922,1.1664022e-05,0.9999883
923,0.000111097856,0.9998889
924,0.9999989,1.0967044e-06
925,1.0,2.5381894e-09
926,0.99983096,0.00016901981
927,0.9999993,7.334852e-07
928,1.5117393e-05,0.99998486
929,1.0,1.1726053e-10
930,1.0,4.273617e-09
931,1.0860206e-06,0.9999989
932,0.99999976,2.1905298e-07
933,0.9999424,5.7599613e-05
934,0.99984074,0.00015924865
935,0.0016765479,0.9983234
936,0.99999785,2.1758358e-06
937,1.0,1.1806813e-08
938,5.7169542e-05,0.9999428
939,1.0,4.4282536e-10
940,0.9999999,1.1441618e-07
941,1.0,7.099426e-12
942,0.99999964,3.2416253e-07
943,0.9998759,0.00012403999
944,0.9999547,4.533393e-05
945,0.99999857,1.4299692e-06
946,0.99991405,8.597318e-05
947,0.9987124,0.0012876022
948,0.000108165645,0.9998919
949,0.9999999,1.1421406e-07
950,0.9999999,1.0913879e-07
951,0.9999999,1.1162853e-07
952,1.0,2.5809513e-08
953,1.3990122e-05,0.99998605
954,0.99990857,9.14387e-05
955,1.0,3.0763996e-08
956,0.99999964,3.0428157e-07
957,0.00018166719,0.9998184
958,0.9999994,5.715593e-07
959,3.0210484e-05,0.99996984
960,1.0,7.853282e-09
961,0.9999994,5.849929e-07
962,1.0,2.331984e-08
963,0.9999999,1.666334e-07
964,0.00010085124,0.99989915
965,1.0,9.8719255e-09
966,1.0,7.360194e-11
967,1.0,5.4545878e-11
968,1.7451392e-05,0.9999826
969,0.0008642981,0.9991357
970,0.99994576,5.421885e-05
971,0.0010511847,0.9989489
972,0.9999832,1.677808e-05
973,0.9999925,7.462016e-06
974,0.9999989,1.0410238e-06
975,0.002124772,0.9978752
976,1.0,3.5656906e-09
977,5.8836336e-05,0.9999411
978,1.0,5.5757154e-10
979,1.0,3.8852893e-10
980,0.99999356,6.488011e-06
981,1.0,3.4653258e-09
982,1.0516337e-05,0.9999895
983,3.1962298e-07,0.99999964
984,4.4286403e-06,0.9999956
985,0.9998945,0.00010553862
986,1.0,2.1560705e-08
987,0.99999845,1.5094024e-06
988,0.9999969,3.1138e-06
989,0.99999213,7.922044e-06
990,0.0012326739,0.9987674
991,0.99999714,2.8614609e-06
992,1.0,5.506425e-11
993,0.00090437446,0.9990957
994,1.0,8.315057e-09
995,1.8239834e-07,0.99999976
996,0.999998,2.0550444e-06
997,7.53387e-08,0.9999999
998,1.0,9.983179e-11
999,0.9999993,7.284979e-07
1000,0.99997497,2.5039004e-05
1001,1.0,9.842497e-10
1002,0.99995863,4.1377363e-05
1003,0.9999999,1.4671895e-07
1004,0.99999356,6.4732712e-06
1005,1.0994943e-06,0.9999989
1006,0.0013044713,0.99869555
1007,0.99998105,1.8970828e-05
1008,0.9997602,0.0002397522
1009,2.5957427e-06,0.9999974
1010,3.4452964e-07,0.99999964
1011,0.00022766703,0.99977237
1012,2.4489846e-05,0.99997556
1013,0.9999988,1.2458211e-06
1014,1.0,7.5070936e-11
1015,5.6961446e-05,0.999943
1016,0.00048739137,0.99951255
1017,1.0,1.3229562e-08
1018,0.9999757,2.4321409e-05
1019,1.0,7.3856515e-10
1020,1.0,3.789256e-09
1021,0.9999999,7.1519835e-08
1022,8.5336126e-07,0.99999917
1023,3.489746e-05,0.9999651
1024,0.9999993,7.600637e-07
1025,1.0,4.525899e-13
1026,0.99996686,3.3088432e-05
1027,0.99999976,2.5430666e-07
1028,0.99999094,9.0403655e-06
1029,1.0,3.4355704e-10
1030,0.9999981,1.9423883e-06
1031,2.9624323e-06,0.999997
1032,0.99993455,6.549505e-05
1033,1.0,1.9762926e-08
1034,1.0,2.0388715e-08
1035,0.9998727,0.00012732658
1036,1.0,5.153494e-08
1037,0.9999865,1.3436506e-05
1038,0.00031131672,0.99968874
1039,1.0,3.6050805e-09
1040,5.9747148e-05,0.9999403
1041,1.0,6.422486e-09
1042,1.0,1.4388082e-08
1043,0.99996984,3.0170291e-05
1044,1.0,1.9785405e-08
1045,4.722086e-06,0.99999523
1046,2.2525179e-05,0.99997747
1047,0.00079656794,0.9992035
1048,0.9999964,3.6189858e-06
1049,0.9999999,1.6356726e-07
1050,0.9999939,6.0264106e-06
1051,4.62678e-05,0.99995375
1052,1.0,7.114979e-11
1053,0.9999826,1.7453754e-05
1054,1.0,4.3641965e-12
1055,0.9999938,6.2413237e-06
1056,0.0012335476,0.9987664
1057,0.9999976,2.404185e-06
1058,1.0,5.6129794e-09
1059,0.99991,8.994268e-05
1060,0.9999207,7.922283e-05
1061,1.0,1.8931695e-11
1062,0.9999993,6.913875e-07
1063,1.0,1.8853925e-08
1064,0.99999976,2.8313144e-07
1065,0.9999988,1.2505647e-06
1066,1.0,6.774744e-09
1067,0.9999615,3.8552313e-05
1068,0.99999964,3.4140768e-07
1069,1.6753576e-06,0.99999833
1070,0.99917644,0.000823578
1071,0.9999895,1.0515915e-05
1072,1.0,9.863936e-11
1073,0.9999999,6.114557e-08
1074,0.99996316,3.689015e-05
1075,0.9998447,0.00015531523
1076,0.999931,6.8996706e-05
1077,4.443835e-05,0.99995553
1078,1.0,2.0420588e-08
1079,0.99999917,8.6102017e-07
1080,0.0010863096,0.99891365
1081,0.9999999,1.5530163e-07
1082,0.9999999,1.3189508e-07
1083,0.999997,2.9520904e-06
1084,9.518566e-06,0.99999046
1085,1.4921396e-05,0.9999851
1086,1.0,1.0755312e-08
1087,0.99993014,6.9851114e-05
1088,0.99413,0.0058700508
1089,0.9999975,2.5133863e-06
1090,0.00016877276,0.9998312
1091,1.0,1.403835e-09
1092,0.999736,0.00026392489
1093,0.99999905,8.9574974e-07
1094,0.99984896,0.0001509947
1095,1.0,1.9219029e-09
1096,0.9993424,0.0006576032
1097,6.351104e-05,0.99993646
1098,6.993356e-05,0.99993
1099,0.99999106,8.961412e-06
1100,1.0,1.7054351e-09
1101,2.5101022e-07,0.99999976
1102,0.9998479,0.00015213339
1103,0.99999964,3.2896102e-07
1104,1.0,1.0731531e-10
1105,2.4477704e-05,0.99997556
1106,1.0,3.0780005e-09
1107,0.9999126,8.742211e-05
1108,4.57043e-08,1.0
1109,0.9999908,9.2151e-06
1110,0.99978346,0.00021649696
1111,0.9999993,7.3981346e-07
1112,0.9999938,6.145891e-06
1113,4.062354e-05,0.99995935
1114,0.99999976,2.0984992e-07
1115,0.99986947,0.00013049289
1116,0.9999634,3.660769e-05
1117,0.99985576,0.0001441735
1118,1.0,4.7046473e-09
1119,0.9999987,1.3381688e-06
1120,0.9999949,5.1546917e-06
1121,0.00207689,0.9979232
1122,4.7969193e-06,0.99999523
1123,0.0012764253,0.99872357
1124,0.9999932,6.7943383e-06
1125,1.0,8.646126e-09
1126,0.99996734,3.265197e-05
1127,1.0,5.6197738e-08
1128,0.9999999,1.126116e-07
1129,1.5775465e-06,0.99999845
1130,1.0,3.683496e-10
1131,0.9999883,1.1624025e-05
1132,0.99999964,3.0857353e-07
1133,2.9833855e-05,0.9999702
1134,1.0,1.5646798e-08
1135,0.9997346,0.00026536788
1136,1.0,4.2458808e-08
1137,1.0,6.1228436e-12
1138,0.9999999,1.3632373e-07
1139,0.99968493,0.00031507955
1140,1.0,1.9766809e-08
1141,0.9999989,1.1222163e-06
1142,0.99999774,2.2880329e-06
1143,1.0,4.5826396e-09
1144,1.0,9.670983e-09
1145,1.0,5.6489236e-10
1146,0.9999945,5.4701477e-06
1147,2.0694417e-09,1.0
1148,0.9997986,0.00020138342
1149,3.5157032e-06,0.99999654
1150,0.999882,0.000118033495
1151,3.0441613e-05,0.9999696
1152,1.0,4.9878044e-09
1153,0.9999832,1.6756685e-05
1154,1.0,2.250861e-09
1155,0.99999475,5.19458e-06
1156,1.0,9.428306e-09
1157,1.3424108e-05,0.9999865
